workflow,inputsize,task,machine,time,memory,wchar,taskinputsize
atacseq,2223941232,bwa_mem,asok01,636425,7584305152,4133003668,1987844376
atacseq,2223941232,bwa_mem,asok02,622137,7590084608,4133003664,1987844376
atacseq,2223941232,bwa_mem,c2,400676,7588139008,4133003636,1987844376
atacseq,2223941232,bwa_mem,n1,550307,7582695424,4133003653,1987844376
atacseq,2223941232,bwa_mem,n2,447287,7581798400,4133003652,1987844376
atacseq,2223941232,fastqc,asok01,116061,1040146432,3600276,2223941232
atacseq,2223941232,fastqc,asok02,112096,1038708736,3600268,2223941232
atacseq,2223941232,fastqc,c2,47502,1041604608,3600250,2223941232
atacseq,2223941232,fastqc,n1,75877,1078325248,3600268,2223941232
atacseq,2223941232,fastqc,n2,54686,1039855616,3600267,2223941232
atacseq,2223941232,merged_lib_ataqv,asok01,55927,80216064,601469,591007317
atacseq,2223941232,merged_lib_ataqv,asok02,58758,81928192,601479,591007317
atacseq,2223941232,merged_lib_ataqv,c2,28149,80048128,601455,591007317
atacseq,2223941232,merged_lib_ataqv,n1,58152,80998400,601469,591007317
atacseq,2223941232,merged_lib_ataqv,n2,31102,81641472,601457,591007317
atacseq,2223941232,merged_lib_bam,asok01,406653,7926202368,590418036,575395243
atacseq,2223941232,merged_lib_bam,asok02,411751,7436701696,590418034,575395243
atacseq,2223941232,merged_lib_bam,c2,177459,8450392064,590418019,575395243
atacseq,2223941232,merged_lib_bam,n1,290923,8392060928,590418021,575395243
atacseq,2223941232,merged_lib_bam,n2,200795,8456257536,590418023,575395243
atacseq,2223941232,merged_lib_bam_filter,asok01,221290,2759352320,1343340069,588524494
atacseq,2223941232,merged_lib_bam_filter,asok02,219141,2759606272,1343340067,588524494
atacseq,2223941232,merged_lib_bam_filter,c2,126138,2759159808,1343340054,588524494
atacseq,2223941232,merged_lib_bam_filter,n1,219791,2758782976,1343340045,588524494
atacseq,2223941232,merged_lib_bam_filter,n2,138828,2758959104,1343340043,588524494
atacseq,2223941232,merged_lib_bam_remove_orphan,asok01,130052,2714521600,884119901,892371900
atacseq,2223941232,merged_lib_bam_remove_orphan,asok02,128899,2714718208,884119899,892371900
atacseq,2223941232,merged_lib_bam_remove_orphan,c2,67750,2713939968,884119885,892371900
atacseq,2223941232,merged_lib_bam_remove_orphan,n1,106261,2714120192,884119877,892371900
atacseq,2223941232,merged_lib_bam_remove_orphan,n2,74081,2714193920,884119877,892371900
atacseq,2223941232,merged_lib_bigwig,asok01,100967,2013474816,695548332,431442739
atacseq,2223941232,merged_lib_bigwig,asok02,110025,2013487104,695548342,431442739
atacseq,2223941232,merged_lib_bigwig,c2,51579,2013450240,695548328,431442739
atacseq,2223941232,merged_lib_bigwig,n1,78778,2013298688,695548319,431442739
atacseq,2223941232,merged_lib_bigwig,n2,58431,2013171712,695548320,431442739
atacseq,2223941232,merged_lib_macs2,asok01,123033,216170496,1020707632,431443228
atacseq,2223941232,merged_lib_macs2,asok02,125024,218337280,1020707630,431443228
atacseq,2223941232,merged_lib_macs2,c2,58745,219516928,1020707617,431443228
atacseq,2223941232,merged_lib_macs2,n1,126457,219918336,1020707632,431443228
atacseq,2223941232,merged_lib_macs2,n2,66010,217899008,1020707620,431443228
atacseq,2223941232,merged_lib_macs2_annotate,asok01,161651,1328635904,206809779,3300031681
atacseq,2223941232,merged_lib_macs2_annotate,asok02,159231,1328766976,206809789,3300031681
atacseq,2223941232,merged_lib_macs2_annotate,c2,70861,1328566272,206809723,3300031681
atacseq,2223941232,merged_lib_macs2_annotate,n1,139780,1328676864,206809703,3300031681
atacseq,2223941232,merged_lib_macs2_annotate,n2,79637,1314537472,206809780,3300031681
atacseq,2223941232,merged_lib_picard_metrics,asok01,100796,1094565888,779277,3589049979
atacseq,2223941232,merged_lib_picard_metrics,asok02,105041,1406177280,779280,3589049979
atacseq,2223941232,merged_lib_picard_metrics,c2,69099,1100898304,779075,3589049979
atacseq,2223941232,merged_lib_picard_metrics,n1,89823,1106989056,779073,3589049979
atacseq,2223941232,merged_lib_picard_metrics,n2,74947,1095155712,779074,3589049979
atacseq,2223941232,merged_lib_plotfingerprint,asok01,78600,1089761280,5298118,431441941
atacseq,2223941232,merged_lib_plotfingerprint,asok02,80418,1089978368,5298116,431441941
atacseq,2223941232,merged_lib_plotfingerprint,c2,46552,1006317568,5298104,431441941
atacseq,2223941232,merged_lib_plotfingerprint,n1,73465,1087606784,5298106,431441941
atacseq,2223941232,merged_lib_plotfingerprint,n2,53785,766738432,5298107,431441941
atacseq,2223941232,merged_lib_plotprofile,asok01,707321,2130436096,653616177,45705807
atacseq,2223941232,merged_lib_plotprofile,asok02,701323,2174668800,653622013,45705807
atacseq,2223941232,merged_lib_plotprofile,c2,385306,2201427968,653620979,45705807
atacseq,2223941232,merged_lib_plotprofile,n1,672763,2143367168,653624422,45705807
atacseq,2223941232,merged_lib_plotprofile,n2,426802,2128224256,653623189,45705807
atacseq,2223941232,sort_bam,asok01,85390,3974684672,575473754,706553792
atacseq,2223941232,sort_bam,asok02,81262,3975266304,575473753,706553792
atacseq,2223941232,sort_bam,c2,46932,3974623232,575473736,706553792
atacseq,2223941232,sort_bam,n1,73555,3974840320,575473727,706553792
atacseq,2223941232,sort_bam,n2,48907,3974791168,575473740,706553792
atacseq,2223941232,trimgalore,asok01,239678,1135640576,15448160325,2223941232
atacseq,2223941232,trimgalore,asok02,237638,1144389632,15448160344,2223941232
atacseq,2223941232,trimgalore,c2,142162,1098543104,15448160349,2223941232
atacseq,2223941232,trimgalore,n1,221952,1151176704,15448160336,2223941232
atacseq,2223941232,trimgalore,n2,160016,1168719872,15448160343,2223941232
atacseq,3908761308,bwa_mem,asok01,1058494,7559229440,7308155037,3528572566
atacseq,3908761308,bwa_mem,asok02,1078664,7555837952,7308155036,3528572566
atacseq,3908761308,bwa_mem,c2,631038,7552327680,7308155007,3528572566
atacseq,3908761308,bwa_mem,n1,928658,7548366848,7308155008,3528572566
atacseq,3908761308,bwa_mem,n2,737468,7554932736,7308155008,3528572566
atacseq,3908761308,fastqc,asok01,191252,1042092032,3635206,3908761308
atacseq,3908761308,fastqc,asok02,190041,1050206208,3635200,3908761308
atacseq,3908761308,fastqc,c2,138800,1095987200,3635184,3908761308
atacseq,3908761308,fastqc,n1,136915,1042731008,3635199,3908761308
atacseq,3908761308,fastqc,n2,89739,1038417920,3635198,3908761308
atacseq,3908761308,merged_lib_ataqv,asok01,91770,73330688,1317333,998774518
atacseq,3908761308,merged_lib_ataqv,asok02,91197,74100736,1317344,998774518
atacseq,3908761308,merged_lib_ataqv,c2,44869,70332416,1317319,998774518
atacseq,3908761308,merged_lib_ataqv,n1,97193,74473472,1317322,998774518
atacseq,3908761308,merged_lib_ataqv,n2,51796,74162176,1317321,998774518
atacseq,3908761308,merged_lib_bam,asok01,698722,9488990208,998269986,969827497
atacseq,3908761308,merged_lib_bam,asok02,709558,9175285760,998269985,969827497
atacseq,3908761308,merged_lib_bam,c2,300898,9121939456,998269957,969827497
atacseq,3908761308,merged_lib_bam,n1,498934,9160130560,998269971,969827497
atacseq,3908761308,merged_lib_bam,n2,343573,9170571264,998269973,969827497
atacseq,3908761308,merged_lib_bam_filter,asok01,366523,4610269184,2223531466,995610492
atacseq,3908761308,merged_lib_bam_filter,asok02,362007,4610605056,2223531464,995610492
atacseq,3908761308,merged_lib_bam_filter,c2,207525,4610064384,2223531451,995610492
atacseq,3908761308,merged_lib_bam_filter,n1,362532,4610162688,2223531454,995610492
atacseq,3908761308,merged_lib_bam_filter,n2,233503,4609978368,2223531468,995610492
atacseq,3908761308,merged_lib_bam_remove_orphan,asok01,216238,4536287232,1467536003,1480537239
atacseq,3908761308,merged_lib_bam_remove_orphan,asok02,212468,4537245696,1467536001,1480537239
atacseq,3908761308,merged_lib_bam_remove_orphan,c2,108687,4536913920,1467535988,1480537239
atacseq,3908761308,merged_lib_bam_remove_orphan,n1,172793,4536745984,1467535991,1480537239
atacseq,3908761308,merged_lib_bam_remove_orphan,n2,122127,4536496128,1467536007,1480537239
atacseq,3908761308,merged_lib_bigwig,asok01,152247,2013392896,1245913724,708973813
atacseq,3908761308,merged_lib_bigwig,asok02,161898,2013769728,1245913722,708973813
atacseq,3908761308,merged_lib_bigwig,c2,77428,2013655040,1245913709,708973813
atacseq,3908761308,merged_lib_bigwig,n1,117478,2013052928,1245913724,708973813
atacseq,3908761308,merged_lib_bigwig,n2,87342,2013265920,1245913713,708973813
atacseq,3908761308,merged_lib_macs2,asok01,205119,325832704,1701831903,708974302
atacseq,3908761308,merged_lib_macs2,asok02,209251,322232320,1701831901,708974302
atacseq,3908761308,merged_lib_macs2,c2,99055,327180288,1701831889,708974302
atacseq,3908761308,merged_lib_macs2,n1,215232,307941376,1701831891,708974302
atacseq,3908761308,merged_lib_macs2,n2,110714,307879936,1701831892,708974302
atacseq,3908761308,merged_lib_macs2_annotate,asok01,161205,1346719744,211095296,3300712884
atacseq,3908761308,merged_lib_macs2_annotate,asok02,161633,1346797568,211095225,3300712884
atacseq,3908761308,merged_lib_macs2_annotate,c2,71235,1346265088,211095201,3300712884
atacseq,3908761308,merged_lib_macs2_annotate,n1,142380,1343602688,211095200,3300712884
atacseq,3908761308,merged_lib_macs2_annotate,n2,79256,1346519040,211095312,3300712884
atacseq,3908761308,merged_lib_picard_metrics,asok01,152003,1175953408,775062,3866581048
atacseq,3908761308,merged_lib_picard_metrics,asok02,150184,1244098560,775052,3866581048
atacseq,3908761308,merged_lib_picard_metrics,c2,72854,1073680384,774840,3866581048
atacseq,3908761308,merged_lib_picard_metrics,n1,113619,1205080064,774848,3866581048
atacseq,3908761308,merged_lib_picard_metrics,n2,86347,910389248,774847,3866581048
atacseq,3908761308,merged_lib_plotfingerprint,asok01,111930,1097248768,5589560,708973010
atacseq,3908761308,merged_lib_plotfingerprint,asok02,133374,1099153408,5589558,708973010
atacseq,3908761308,merged_lib_plotfingerprint,c2,63302,1034354688,5589546,708973010
atacseq,3908761308,merged_lib_plotfingerprint,n1,109504,1096327168,5589548,708973010
atacseq,3908761308,merged_lib_plotfingerprint,n2,77013,771891200,5589549,708973010
atacseq,3908761308,merged_lib_plotprofile,asok01,717802,2136285184,701648258,66324537
atacseq,3908761308,merged_lib_plotprofile,asok02,714318,2165555200,701646147,66324537
atacseq,3908761308,merged_lib_plotprofile,c2,391850,2162397184,701644041,66324537
atacseq,3908761308,merged_lib_plotprofile,n1,682310,2192527360,701652260,66324537
atacseq,3908761308,merged_lib_plotprofile,n2,436549,2113736704,701644926,66324537
atacseq,3908761308,sort_bam,asok01,163052,5652025344,1863568470,1255790392
atacseq,3908761308,sort_bam,asok02,162732,5652422656,1863568472,1255790392
atacseq,3908761308,sort_bam,c2,89899,5652619264,1863568444,1255790392
atacseq,3908761308,sort_bam,n1,148673,5652238336,1863568461,1255790392
atacseq,3908761308,sort_bam,n2,103925,5652156416,1863568460,1255790392
atacseq,3908761308,trimgalore,asok01,395667,1537724416,27193028569,3908761308
atacseq,3908761308,trimgalore,asok02,408207,1531998208,27193028507,3908761308
atacseq,3908761308,trimgalore,c2,246104,1537409024,27193028520,3908761308
atacseq,3908761308,trimgalore,n1,386837,1534791680,27193028512,3908761308
atacseq,3908761308,trimgalore,n2,276231,1535721472,27193028505,3908761308
atacseq,11187378708,bwa_mem,asok01,1735618,6892982272,21195976985,10045941280
atacseq,11187378708,bwa_mem,asok02,1778213,6893338624,21195976984,10045941280
atacseq,11187378708,bwa_mem,c2,910554,6864838656,21195976964,10045941280
atacseq,11187378708,bwa_mem,n1,1333081,6860238848,21195976972,10045941280
atacseq,11187378708,bwa_mem,n2,1030579,6872555520,21195976969,10045941280
atacseq,11187378708,fastqc,asok01,562237,1101332480,3672056,11187378708
atacseq,11187378708,fastqc,asok02,559215,1084305408,3672053,11187378708
atacseq,11187378708,fastqc,c2,241572,1049755648,3672039,11187378708
atacseq,11187378708,fastqc,n1,481568,1102225408,3672049,11187378708
atacseq,11187378708,fastqc,n2,270695,1044332544,3672040,11187378708
atacseq,11187378708,merged_lib_ataqv,asok01,102220,134221824,2767428,1945047837
atacseq,11187378708,merged_lib_ataqv,asok02,101177,117653504,2767439,1945047837
atacseq,11187378708,merged_lib_ataqv,c2,44624,115810304,2767414,1945047837
atacseq,11187378708,merged_lib_ataqv,n1,84711,117047296,2767427,1945047837
atacseq,11187378708,merged_lib_ataqv,n2,50475,113983488,2767416,1945047837
atacseq,11187378708,merged_lib_bam,asok01,1865043,12828336128,1944450545,1862641424
atacseq,11187378708,merged_lib_bam,asok02,1926767,8408428544,2475274896,1862641424
atacseq,11187378708,merged_lib_bam,c2,776485,8448221184,2475274881,1862641424
atacseq,11187378708,merged_lib_bam,n1,1291081,8438059008,2475274884,1862641424
atacseq,11187378708,merged_lib_bam,n2,867675,8430448640,2475274885,1862641424
atacseq,11187378708,merged_lib_bam_filter,asok01,225958,2289700864,1186005664,1940485147
atacseq,11187378708,merged_lib_bam_filter,asok02,225660,2290233344,1186005662,1940485147
atacseq,11187378708,merged_lib_bam_filter,c2,122396,2289917952,1186005649,1940485147
atacseq,11187378708,merged_lib_bam_filter,n1,187030,2289512448,1186005652,1940485147
atacseq,11187378708,merged_lib_bam_filter,n2,134319,2289463296,1186005652,1940485147
atacseq,11187378708,merged_lib_bam_remove_orphan,asok01,111164,2245316608,777594601,788862819
atacseq,11187378708,merged_lib_bam_remove_orphan,asok02,109803,2245742592,777594599,788862819
atacseq,11187378708,merged_lib_bam_remove_orphan,c2,57167,2245320704,777594585,788862819
atacseq,11187378708,merged_lib_bam_remove_orphan,n1,88623,2244939776,777594604,788862819
atacseq,11187378708,merged_lib_bam_remove_orphan,n2,64278,2245083136,777594604,788862819
atacseq,11187378708,merged_lib_bigwig,asok01,90662,2012999680,531994040,377180491
atacseq,11187378708,merged_lib_bigwig,asok02,92597,2013122560,531994038,377180491
atacseq,11187378708,merged_lib_bigwig,c2,45252,2012798976,531994025,377180491
atacseq,11187378708,merged_lib_bigwig,n1,67274,2012925952,531994028,377180491
atacseq,11187378708,merged_lib_bigwig,n2,50248,2012852224,531994028,377180491
atacseq,11187378708,merged_lib_macs2,asok01,101251,182333440,823552963,377180980
atacseq,11187378708,merged_lib_macs2,asok02,105336,181436416,823552961,377180980
atacseq,11187378708,merged_lib_macs2,c2,49899,181649408,823552948,377180980
atacseq,11187378708,merged_lib_macs2,n1,105698,174854144,823552964,377180980
atacseq,11187378708,merged_lib_macs2,n2,55450,181329920,823552951,377180980
atacseq,11187378708,merged_lib_macs2_annotate,asok01,162959,1380499456,219868575,3302111548
atacseq,11187378708,merged_lib_macs2_annotate,asok02,163792,1380753408,219868630,3302111548
atacseq,11187378708,merged_lib_macs2_annotate,c2,73901,1370189824,219868586,3302111548
atacseq,11187378708,merged_lib_macs2_annotate,n1,142449,1372844032,219868712,3302111548
atacseq,11187378708,merged_lib_macs2_annotate,n2,81025,1380302848,219868311,3302111548
atacseq,11187378708,merged_lib_picard_metrics,asok01,91246,1275498496,779499,3534787731
atacseq,11187378708,merged_lib_picard_metrics,asok02,89670,1123299328,779488,3534787731
atacseq,11187378708,merged_lib_picard_metrics,c2,43821,971710464,779285,3534787731
atacseq,11187378708,merged_lib_picard_metrics,n1,63608,970690560,779280,3534787731
atacseq,11187378708,merged_lib_picard_metrics,n2,51870,1029328896,779284,3534787731
atacseq,11187378708,merged_lib_plotfingerprint,asok01,71456,1086713856,5181908,377179693
atacseq,11187378708,merged_lib_plotfingerprint,asok02,60862,1087586304,5181906,377179693
atacseq,11187378708,merged_lib_plotfingerprint,c2,33728,763777024,5181894,377179693
atacseq,11187378708,merged_lib_plotfingerprint,n1,54587,1085521920,5181897,377179693
atacseq,11187378708,merged_lib_plotfingerprint,n2,38919,1084407808,5181897,377179693
atacseq,11187378708,merged_lib_plotprofile,asok01,709317,2193981440,634692673,39327759
atacseq,11187378708,merged_lib_plotprofile,asok02,699256,2170888192,634690936,39327759
atacseq,11187378708,merged_lib_plotprofile,c2,379595,2226675712,634686654,39327759
atacseq,11187378708,merged_lib_plotprofile,n1,686502,2191495168,634694073,39327759
atacseq,11187378708,merged_lib_plotprofile,n2,431575,2141478912,634694594,39327759
atacseq,11187378708,sort_bam,asok01,414306,5619978240,3691922584,3537922121
atacseq,11187378708,sort_bam,asok02,413151,5618094080,3691922598,3537922121
atacseq,11187378708,sort_bam,c2,191190,5619867648,3691922570,3537922121
atacseq,11187378708,sort_bam,n1,339206,5620068352,3691922587,3537922121
atacseq,11187378708,sort_bam,n2,212309,5620072448,3691922571,3537922121
atacseq,11187378708,trimgalore,asok01,1143115,3338883072,77162267391,11187378708
atacseq,11187378708,trimgalore,asok02,1165820,3345391616,77162267389,11187378708
atacseq,11187378708,trimgalore,c2,695051,3318517760,77162267344,11187378708
atacseq,11187378708,trimgalore,n1,1107551,3325751296,77162267365,11187378708
atacseq,11187378708,trimgalore,n2,778788,3325521920,77162267382,11187378708
atacseq,11643214412,bwa_mem,asok01,2613184,7367921664,22086888589,10619781826
atacseq,11643214412,bwa_mem,asok02,2618072,7363813376,22086888588,10619781826
atacseq,11643214412,bwa_mem,c2,1532800,7366979584,22086888560,10619781826
atacseq,11643214412,bwa_mem,n1,2260092,7363461120,22086888577,10619781826
atacseq,11643214412,bwa_mem,n2,1709891,7361937408,22086888576,10619781826
atacseq,11643214412,fastqc,asok01,554067,1128755200,3700188,11643214412
atacseq,11643214412,fastqc,asok02,557043,1038848000,3700183,11643214412
atacseq,11643214412,fastqc,c2,232557,1125322752,3700170,11643214412
atacseq,11643214412,fastqc,n1,362916,1077194752,3700173,11643214412
atacseq,11643214412,fastqc,n2,395005,1051643904,3700180,11643214412
atacseq,11643214412,merged_lib_ataqv,asok01,352603,111558656,10176968,3096241901
atacseq,11643214412,merged_lib_ataqv,asok02,353311,111960064,10176979,3096241901
atacseq,11643214412,merged_lib_ataqv,c2,179430,111419392,10176955,3096241901
atacseq,11643214412,merged_lib_ataqv,n1,429170,111546368,10176970,3096241901
atacseq,11643214412,merged_lib_ataqv,n2,205402,111468544,10176957,3096241901
atacseq,11643214412,merged_lib_bam,asok01,2128259,12609675264,3092849884,3001609602
atacseq,11643214412,merged_lib_bam,asok02,2160554,8426094592,3881687406,3001609602
atacseq,11643214412,merged_lib_bam,c2,921393,9046159360,3881687379,3001609602
atacseq,11643214412,merged_lib_bam,n1,1519858,8438095872,3881687394,3001609602
atacseq,11643214412,merged_lib_bam,n2,1032771,8408616960,3881687395,3001609602
atacseq,11643214412,merged_lib_bam_filter,asok01,1365975,5603586048,10000554822,3084714821
atacseq,11643214412,merged_lib_bam_filter,asok02,1348298,5601808384,10000554832,3084714821
atacseq,11643214412,merged_lib_bam_filter,c2,757375,5603106816,10000554807,3084714821
atacseq,11643214412,merged_lib_bam_filter,n1,1341230,5603090432,10000554810,3084714821
atacseq,11643214412,merged_lib_bam_filter,n2,845863,5603221504,10000554809,3084714821
atacseq,11643214412,merged_lib_bam_remove_orphan,asok01,807597,5605703680,7162466139,5348804959
atacseq,11643214412,merged_lib_bam_remove_orphan,asok02,793274,5604417536,7162466137,5348804959
atacseq,11643214412,merged_lib_bam_remove_orphan,c2,388432,5606215680,7162466111,5348804959
atacseq,11643214412,merged_lib_bam_remove_orphan,n1,642177,5605679104,7162466126,5348804959
atacseq,11643214412,merged_lib_bam_remove_orphan,n2,456078,5605801984,7162466130,5348804959
atacseq,11643214412,merged_lib_bigwig,asok01,452423,2013974528,5203765099,2298977018
atacseq,11643214412,merged_lib_bigwig,asok02,485536,2014199808,5203765085,2298977018
atacseq,11643214412,merged_lib_bigwig,c2,223716,2014076928,5203765073,2298977018
atacseq,11643214412,merged_lib_bigwig,n1,364464,2013728768,5203765076,2298977018
atacseq,11643214412,merged_lib_bigwig,n2,253249,2013835264,5203765076,2298977018
atacseq,11643214412,merged_lib_macs2,asok01,817432,914907136,5556021720,2298977507
atacseq,11643214412,merged_lib_macs2,asok02,822916,961933312,5556021718,2298977507
atacseq,11643214412,merged_lib_macs2,c2,399116,956030976,5556021706,2298977507
atacseq,11643214412,merged_lib_macs2,n1,818449,955826176,5556021709,2298977507
atacseq,11643214412,merged_lib_macs2,n2,447000,935383040,5556021709,2298977507
atacseq,11643214412,merged_lib_macs2_annotate,asok01,175016,1552044032,263930679,3309075938
atacseq,11643214412,merged_lib_macs2_annotate,asok02,176085,1552543744,263930990,3309075938
atacseq,11643214412,merged_lib_macs2_annotate,c2,78604,1538285568,263930666,3309075938
atacseq,11643214412,merged_lib_macs2_annotate,n1,154265,1552257024,263931137,3309075938
atacseq,11643214412,merged_lib_macs2_annotate,n2,86989,1552351232,263931245,3309075938
atacseq,11643214412,merged_lib_picard_metrics,asok01,464165,1495089152,815189,5456584251
atacseq,11643214412,merged_lib_picard_metrics,asok02,463739,1141288960,815178,5456584251
atacseq,11643214412,merged_lib_picard_metrics,c2,222066,977743872,814973,5456584251
atacseq,11643214412,merged_lib_picard_metrics,n1,319727,1293955072,814972,5456584251
atacseq,11643214412,merged_lib_picard_metrics,n2,251412,1233149952,814972,5456584251
atacseq,11643214412,merged_lib_plotfingerprint,asok01,137687,1131651072,5914650,2298976213
atacseq,11643214412,merged_lib_plotfingerprint,asok02,133274,1208700928,5914648,2298976213
atacseq,11643214412,merged_lib_plotfingerprint,c2,66376,1132429312,5914636,2298976213
atacseq,11643214412,merged_lib_plotfingerprint,n1,112443,1127227392,5914638,2298976213
atacseq,11643214412,merged_lib_plotfingerprint,n2,83376,1131569152,5914639,2298976213
atacseq,11643214412,merged_lib_plotprofile,asok01,709598,2170580992,796373201,217431195
atacseq,11643214412,merged_lib_plotprofile,asok02,722060,2153381888,796359585,217431195
atacseq,11643214412,merged_lib_plotprofile,c2,396512,2147926016,796358595,217431195
atacseq,11643214412,merged_lib_plotprofile,n1,694883,2206502912,796375833,217431195
atacseq,11643214412,merged_lib_plotprofile,n2,441379,2210328576,796379765,217431195
atacseq,11643214412,sort_bam,asok01,491819,5646336000,6085207468,4027385235
atacseq,11643214412,sort_bam,asok02,485182,5644107776,6085207454,4027385235
atacseq,11643214412,sort_bam,c2,261922,5645918208,6085207440,4027385235
atacseq,11643214412,sort_bam,n1,429973,5646168064,6085207443,4027385235
atacseq,11643214412,sort_bam,n2,310236,5645746176,6085207456,4027385235
atacseq,11643214412,trimgalore,asok01,1190681,3450974208,81947320112,11643214412
atacseq,11643214412,trimgalore,asok02,1247744,3438575616,81947320100,11643214412
atacseq,11643214412,trimgalore,c2,767007,3436691456,81947320119,11643214412
atacseq,11643214412,trimgalore,n1,1186682,3427627008,81947320108,11643214412
atacseq,11643214412,trimgalore,n2,865297,3449487360,81947320101,11643214412
atacseq,11809629756,bwa_mem,asok01,1809909,6975725568,22200319008,10473263742
atacseq,11809629756,bwa_mem,asok02,1810040,6956089344,22200319007,10473263742
atacseq,11809629756,bwa_mem,c2,1132150,6953869312,22200318998,10473263742
atacseq,11809629756,bwa_mem,local,1111191,6926196736,22200319010,10473263742
atacseq,11809629756,bwa_mem,n1,1475333,6955159552,22200319017,10473263742
atacseq,11809629756,bwa_mem,n2,1250617,6932578304,22200319015,10473263742
atacseq,11809629756,fastqc,asok01,586110,1042423808,3701704,11809629756
atacseq,11809629756,fastqc,asok02,586094,1046421504,3701703,11809629756
atacseq,11809629756,fastqc,c2,264796,1089990656,3697768,11809629756
atacseq,11809629756,fastqc,local,266732,1097170944,3701697,11809629756
atacseq,11809629756,fastqc,n1,385864,1077084160,3697769,11809629756
atacseq,11809629756,fastqc,n2,302730,1041981440,3697785,11809629756
atacseq,11809629756,merged_lib_ataqv,asok01,103844,120606720,2750412,2040002557
atacseq,11809629756,merged_lib_ataqv,asok02,108366,120647680,2750413,2040002557
atacseq,11809629756,merged_lib_ataqv,c2,44925,115900416,2750416,2040002557
atacseq,11809629756,merged_lib_ataqv,local,72841,119885824,2750417,2040002557
atacseq,11809629756,merged_lib_ataqv,n1,84252,120041472,2750422,2040002557
atacseq,11809629756,merged_lib_ataqv,n2,51007,121085952,2750417,2040002557
atacseq,11809629756,merged_lib_bam,asok01,1983132,8902934528,2601031300,1954016754
atacseq,11809629756,merged_lib_bam,asok02,2000552,9026461696,2601031300,1954016754
atacseq,11809629756,merged_lib_bam,c2,784894,8932622336,2601031279,1954016754
atacseq,11809629756,merged_lib_bam,local,1067726,8478167040,2601030369,1954016754
atacseq,11809629756,merged_lib_bam,n1,1079854,9831419904,2601030340,1954016754
atacseq,11809629756,merged_lib_bam,n2,882985,9923174400,2601030328,1954016754
atacseq,11809629756,merged_lib_bam_filter,asok01,242906,2393628672,1236347988,2035454609
atacseq,11809629756,merged_lib_bam_filter,asok02,237398,2393026560,1236347988,2035454609
atacseq,11809629756,merged_lib_bam_filter,c2,125666,2393337856,1236347981,2035454609
atacseq,11809629756,merged_lib_bam_filter,local,154069,2393088000,1236347993,2035454609
atacseq,11809629756,merged_lib_bam_filter,n1,179252,2393169920,1236347983,2035454609
atacseq,11809629756,merged_lib_bam_filter,n2,135294,2393227264,1236347982,2035454609
atacseq,11809629756,merged_lib_bam_remove_orphan,asok01,123918,2350104576,811053073,822280652
atacseq,11809629756,merged_lib_bam_remove_orphan,asok02,116194,2349752320,811053073,822280652
atacseq,11809629756,merged_lib_bam_remove_orphan,c2,56713,2350084096,811053065,822280652
atacseq,11809629756,merged_lib_bam_remove_orphan,local,75816,2349703168,811053078,822280652
atacseq,11809629756,merged_lib_bam_remove_orphan,n1,80856,2349694976,811053068,822280652
atacseq,11809629756,merged_lib_bam_remove_orphan,n2,61875,2349494272,811053066,822280652
atacseq,11809629756,merged_lib_bigwig,asok01,92304,2013245440,549140045,393566744
atacseq,11809629756,merged_lib_bigwig,asok02,91859,2013409280,549140045,393566744
atacseq,11809629756,merged_lib_bigwig,c2,44615,2013003776,549140037,393566744
atacseq,11809629756,merged_lib_bigwig,local,45961,2012971008,549140049,393566744
atacseq,11809629756,merged_lib_bigwig,n1,63231,2013036544,549140039,393566744
atacseq,11809629756,merged_lib_bigwig,n2,50132,2012737536,549140038,393566744
atacseq,11809629756,merged_lib_macs2,asok01,107635,189714432,861539500,393567233
atacseq,11809629756,merged_lib_macs2,asok02,106717,186736640,861539500,393567233
atacseq,11809629756,merged_lib_macs2,c2,51686,187846656,861536849,393567233
atacseq,11809629756,merged_lib_macs2,local,82474,190001152,861539505,393567233
atacseq,11809629756,merged_lib_macs2,n1,108899,189124608,861536852,393567233
atacseq,11809629756,merged_lib_macs2,n2,56752,189276160,861536850,393567233
atacseq,11809629756,merged_lib_macs2_annotate,asok01,162352,1380270080,219774518,3302096806
atacseq,11809629756,merged_lib_macs2_annotate,asok02,161839,1380286464,219774527,3302096806
atacseq,11809629756,merged_lib_macs2_annotate,c2,73162,1380651008,219774405,3302096806
atacseq,11809629756,merged_lib_macs2_annotate,local,104506,1379880960,219774514,3302096806
atacseq,11809629756,merged_lib_macs2_annotate,n1,135482,1380528128,219774411,3302096806
atacseq,11809629756,merged_lib_macs2_annotate,n2,83943,1366441984,219774362,3302096806
atacseq,11809629756,merged_lib_picard_metrics,asok01,92141,1296871424,778679,3551173984
atacseq,11809629756,merged_lib_picard_metrics,asok02,93794,1028096000,778682,3551173984
atacseq,11809629756,merged_lib_picard_metrics,c2,43251,1213255680,778793,3551173984
atacseq,11809629756,merged_lib_picard_metrics,local,49538,1082318848,778843,3551173984
atacseq,11809629756,merged_lib_picard_metrics,n1,56725,957321216,778802,3551173984
atacseq,11809629756,merged_lib_picard_metrics,n2,47295,954007552,778789,3551173984
atacseq,11809629756,merged_lib_plotfingerprint,asok01,68960,1089318912,5216267,393565946
atacseq,11809629756,merged_lib_plotfingerprint,asok02,65281,1089478656,5216267,393565946
atacseq,11809629756,merged_lib_plotfingerprint,c2,35960,1088249856,5208610,393565946
atacseq,11809629756,merged_lib_plotfingerprint,local,52075,1089654784,5216272,393565946
atacseq,11809629756,merged_lib_plotfingerprint,n1,56773,1089519616,5208612,393565946
atacseq,11809629756,merged_lib_plotfingerprint,n2,40543,844283904,5208611,393565946
atacseq,11809629756,merged_lib_plotprofile,asok01,685557,2182045696,634922250,40503881
atacseq,11809629756,merged_lib_plotprofile,asok02,692087,2134151168,634933396,40503881
atacseq,11809629756,merged_lib_plotprofile,c2,387445,2156797952,634939188,40503881
atacseq,11809629756,merged_lib_plotprofile,local,697137,2187583488,634923393,40503881
atacseq,11809629756,merged_lib_plotprofile,n1,662946,2160836608,634942498,40503881
atacseq,11809629756,merged_lib_plotprofile,n2,433868,2185965568,634947916,40503881
atacseq,11809629756,sort_bam,asok01,483835,5625057280,3787431878,3690062739
atacseq,11809629756,sort_bam,asok02,436313,5624893440,3787431878,3690062739
atacseq,11809629756,sort_bam,c2,186390,5624922112,3787431871,3690062739
atacseq,11809629756,sort_bam,local,296513,5623050240,3787431883,3690062739
atacseq,11809629756,sort_bam,n1,291693,5624725504,3787431872,3690062739
atacseq,11809629756,sort_bam,n2,214925,5624729600,3787431872,3690062739
atacseq,11809629756,trimgalore,asok01,1169295,3291336704,80739683719,11809629756
atacseq,11809629756,trimgalore,asok02,1164418,3287318528,80739683703,11809629756
atacseq,11809629756,trimgalore,c2,732635,3292442624,80739679805,11809629756
atacseq,11809629756,trimgalore,local,880592,3299065856,80739683736,11809629756
atacseq,11809629756,trimgalore,n1,1112566,3297910784,80739679807,11809629756
atacseq,11809629756,trimgalore,n2,834361,3301187584,80739679804,11809629756
atacseq,14091675276,bwa_mem,asok01,3182334,7582994432,26785685123,12912163236
atacseq,14091675276,bwa_mem,asok02,3181945,7581638656,26785685134,12912163236
atacseq,14091675276,bwa_mem,c2,1948343,7585083392,26785685122,12912163236
atacseq,14091675276,bwa_mem,local,2114316,7587557376,26785685142,12912163236
atacseq,14091675276,bwa_mem,n2,2257694,7585034240,26785685126,12912163236
atacseq,14091675276,fastqc,asok01,667187,1084698624,3705629,14091675276
atacseq,14091675276,fastqc,asok02,663222,1037787136,3705628,14091675276
atacseq,14091675276,fastqc,c2,284575,1039847424,3701713,14091675276
atacseq,14091675276,fastqc,local,334510,1049276416,3705651,14091675276
atacseq,14091675276,fastqc,n2,342143,1039650816,3701711,14091675276
atacseq,14091675276,merged_lib_ataqv,asok01,421254,112160768,10546175,3717136873
atacseq,14091675276,merged_lib_ataqv,asok02,428512,112504832,10546174,3717136873
atacseq,14091675276,merged_lib_ataqv,c2,215170,112185344,10546166,3717136873
atacseq,14091675276,merged_lib_ataqv,local,382703,111513600,10546195,3717136873
atacseq,14091675276,merged_lib_ataqv,n2,240503,111898624,10546183,3717136873
atacseq,14091675276,merged_lib_bam,asok01,2565816,8958844928,4660421437,3604177866
atacseq,14091675276,merged_lib_bam,asok02,2550300,8936517632,4660421436,3604177866
atacseq,14091675276,merged_lib_bam,c2,1080698,9790480384,4660421411,3604177866
atacseq,14091675276,merged_lib_bam,local,1430849,8481886208,4660434062,3604177866
atacseq,14091675276,merged_lib_bam,n2,1213841,8426811392,4660434032,3604177866
atacseq,14091675276,merged_lib_bam_filter,asok01,1776545,5602676736,12725038537,3705266001
atacseq,14091675276,merged_lib_bam_filter,asok02,1701536,5602570240,12725038536,3705266001
atacseq,14091675276,merged_lib_bam_filter,c2,898087,5602533376,12725038526,3705266001
atacseq,14091675276,merged_lib_bam_filter,local,1146497,5602422784,12725038542,3705266001
atacseq,14091675276,merged_lib_bam_filter,n2,1039672,5602148352,12725038529,3705266001
atacseq,14091675276,merged_lib_bam_remove_orphan,asok01,1083819,5603426304,9259453017,6494455400
atacseq,14091675276,merged_lib_bam_remove_orphan,asok02,995779,5603467264,9259453028,6494455400
atacseq,14091675276,merged_lib_bam_remove_orphan,c2,472510,5602975744,9259453007,6494455400
atacseq,14091675276,merged_lib_bam_remove_orphan,local,664861,5603123200,9259453021,6494455400
atacseq,14091675276,merged_lib_bam_remove_orphan,n2,538109,5603348480,9259453008,6494455400
atacseq,14091675276,merged_lib_bigwig,asok01,535516,2013933568,6084666532,2767897402
atacseq,14091675276,merged_lib_bigwig,asok02,527931,2014351360,6084666531,2767897402
atacseq,14091675276,merged_lib_bigwig,c2,257071,2013925376,6084666523,2767897402
atacseq,14091675276,merged_lib_bigwig,local,315432,2013712384,6084666552,2767897402
atacseq,14091675276,merged_lib_bigwig,n2,285967,2013941760,6084666524,2767897402
atacseq,14091675276,merged_lib_macs2,asok01,1015040,1090306048,6710356840,2767897891
atacseq,14091675276,merged_lib_macs2,asok02,1001873,1090174976,6710356839,2767897891
atacseq,14091675276,merged_lib_macs2,c2,489911,1088114688,6710354175,2767897891
atacseq,14091675276,merged_lib_macs2,local,731928,1091096576,6710356832,2767897891
atacseq,14091675276,merged_lib_macs2,n2,562031,1082691584,6710354188,2767897891
atacseq,14091675276,merged_lib_macs2_annotate,asok01,173297,1558347776,266099605,3309419730
atacseq,14091675276,merged_lib_macs2_annotate,asok02,172637,1558265856,266098545,3309419730
atacseq,14091675276,merged_lib_macs2_annotate,c2,77292,1546432512,266098832,3309419730
atacseq,14091675276,merged_lib_macs2_annotate,local,112409,1557942272,266099151,3309419730
atacseq,14091675276,merged_lib_macs2_annotate,n2,91361,1546620928,266099053,3309419730
atacseq,14091675276,merged_lib_picard_metrics,asok01,562006,1213689856,820264,5925504635
atacseq,14091675276,merged_lib_picard_metrics,asok02,563648,1269239808,820255,5925504635
atacseq,14091675276,merged_lib_picard_metrics,c2,237467,1023311872,820376,5925504635
atacseq,14091675276,merged_lib_picard_metrics,local,314010,1353596928,820429,5925504635
atacseq,14091675276,merged_lib_picard_metrics,n2,274129,1739558912,820382,5925504635
atacseq,14091675276,merged_lib_plotfingerprint,asok01,154342,1134428160,6025754,2767896597
atacseq,14091675276,merged_lib_plotfingerprint,asok02,142295,1134010368,6025741,2767896597
atacseq,14091675276,merged_lib_plotfingerprint,c2,74322,800161792,6018083,2767896597
atacseq,14091675276,merged_lib_plotfingerprint,local,107608,1053188096,6025764,2767896597
atacseq,14091675276,merged_lib_plotfingerprint,n2,85266,1053671424,6018084,2767896597
atacseq,14091675276,merged_lib_plotprofile,asok01,711895,2234126336,810120578,251959524
atacseq,14091675276,merged_lib_plotprofile,asok02,709494,2141724672,810136552,251959524
atacseq,14091675276,merged_lib_plotprofile,c2,388688,2135629824,810153893,251959524
atacseq,14091675276,merged_lib_plotprofile,local,704129,2172837888,810125407,251959524
atacseq,14091675276,merged_lib_plotprofile,n2,445957,2126405632,810138755,251959524
atacseq,14091675276,sort_bam,asok01,789306,5644894208,7725034438,4884922715
atacseq,14091675276,sort_bam,asok02,620208,5645119488,7725034437,4884922715
atacseq,14091675276,sort_bam,c2,313865,5645107200,7725034425,4884922715
atacseq,14091675276,sort_bam,local,438521,5645139968,7725034442,4884922715
atacseq,14091675276,sort_bam,n2,400835,5645185024,7725034427,4884922715
atacseq,14091675276,trimgalore,asok01,1446057,3432005632,99455492279,14091675276
atacseq,14091675276,trimgalore,asok02,1457037,3421229056,99455492293,14091675276
atacseq,14091675276,trimgalore,c2,930799,3455451136,99455488367,14091675276
atacseq,14091675276,trimgalore,local,1088781,3420835840,99455492298,14091675276
atacseq,14091675276,trimgalore,n2,1057689,3428126720,99455488373,14091675276
bacass,3637252230,nfcore_bacass:bacass:fastqc,asok01,106000,1492434944,3612087,3637252230
bacass,3637252230,nfcore_bacass:bacass:fastqc,asok02,105000,1538633728,3612088,3637252230
bacass,3637252230,nfcore_bacass:bacass:fastqc,c2,50000,1560313856,3608255,3637252230
bacass,3637252230,nfcore_bacass:bacass:fastqc,local,50000,1439453184,3612091,3637252230
bacass,3637252230,nfcore_bacass:bacass:fastqc,n1,65000,1452531712,3608258,3637252230
bacass,3637252230,nfcore_bacass:bacass:fastqc,n2,56000,1437118464,3608258,3637252230
bacass,3637252230,nfcore_bacass:bacass:kraken2,asok01,201000,8476188672,4878601495,3486951250
bacass,3637252230,nfcore_bacass:bacass:kraken2,asok02,146000,8480538624,4878601495,3486951250
bacass,3637252230,nfcore_bacass:bacass:kraken2,c2,128000,8481193984,4878601487,3486951250
bacass,3637252230,nfcore_bacass:bacass:kraken2,local,216000,8470454272,4878601508,3486951250
bacass,3637252230,nfcore_bacass:bacass:kraken2,n1,410000,8506855424,4878601488,3486951250
bacass,3637252230,nfcore_bacass:bacass:kraken2,n2,430000,8474189824,4878601488,3486951250
bacass,3637252230,nfcore_bacass:bacass:prokka,asok01,384000,262668288,89514369,2564709
bacass,3637252230,nfcore_bacass:bacass:prokka,asok02,402000,265789440,89481588,2564709
bacass,3637252230,nfcore_bacass:bacass:prokka,c2,237000,263245824,87975324,2564709
bacass,3637252230,nfcore_bacass:bacass:prokka,local,220000,255795200,87811511,2564709
bacass,3637252230,nfcore_bacass:bacass:prokka,n1,326000,264368128,88696002,2564709
bacass,3637252230,nfcore_bacass:bacass:prokka,n2,265000,258662400,87704839,2564709
bacass,3637252230,nfcore_bacass:bacass:skewer,asok01,2442000,11210752,9429122308,3637252230
bacass,3637252230,nfcore_bacass:bacass:skewer,asok02,2433000,10424320,9429122309,3637252230
bacass,3637252230,nfcore_bacass:bacass:skewer,c2,1883000,10559488,9429122301,3637252230
bacass,3637252230,nfcore_bacass:bacass:skewer,local,1807000,10870784,9429122313,3637252230
bacass,3637252230,nfcore_bacass:bacass:skewer,n1,2645000,10989568,9429122303,3637252230
bacass,3637252230,nfcore_bacass:bacass:skewer,n2,2109000,10461184,9429122303,3637252230
bacass,3637252230,nfcore_bacass:bacass:unicycler,asok01,24154000,7597780992,80703936426,3486947156
bacass,3637252230,nfcore_bacass:bacass:unicycler,asok02,24045000,7586791424,80704463024,3486947156
bacass,3637252230,nfcore_bacass:bacass:unicycler,c2,8319000,7596421120,80702156269,3486947156
bacass,3637252230,nfcore_bacass:bacass:unicycler,local,12552000,7595675648,80702478472,3486947156
bacass,3637252230,nfcore_bacass:bacass:unicycler,n1,10906000,7591505920,80702231925,3486947156
bacass,3637252230,nfcore_bacass:bacass:unicycler,n2,9242000,7590080512,80702151710,3486947156
bacass,4352562006,nfcore_bacass:bacass:fastqc,asok01,125000,1512042496,3598702,4352562006
bacass,4352562006,nfcore_bacass:bacass:fastqc,asok02,124000,1563148288,3598702,4352562006
bacass,4352562006,nfcore_bacass:bacass:fastqc,c2,60000,1495166976,3594879,4352562006
bacass,4352562006,nfcore_bacass:bacass:fastqc,local,60000,1432481792,3598718,4352562006
bacass,4352562006,nfcore_bacass:bacass:fastqc,n1,78000,1553539072,3594874,4352562006
bacass,4352562006,nfcore_bacass:bacass:fastqc,n2,66000,1435787264,3594872,4352562006
bacass,4352562006,nfcore_bacass:bacass:kraken2,asok01,228000,8482824192,5683739695,4075987898
bacass,4352562006,nfcore_bacass:bacass:kraken2,asok02,172000,8487817216,5683739695,4075987898
bacass,4352562006,nfcore_bacass:bacass:kraken2,c2,165000,8477872128,5683739687,4075987898
bacass,4352562006,nfcore_bacass:bacass:kraken2,local,242000,8481968128,5683739708,4075987898
bacass,4352562006,nfcore_bacass:bacass:kraken2,n1,506000,8485728256,5683739691,4075987898
bacass,4352562006,nfcore_bacass:bacass:kraken2,n2,375000,8486318080,5683739691,4075987898
bacass,4352562006,nfcore_bacass:bacass:prokka,asok01,400000,285396992,88674411,2559762
bacass,4352562006,nfcore_bacass:bacass:prokka,asok02,399000,283074560,89575613,2559762
bacass,4352562006,nfcore_bacass:bacass:prokka,c2,226000,284938240,88200483,2559762
bacass,4352562006,nfcore_bacass:bacass:prokka,local,249000,284831744,88470958,2559762
bacass,4352562006,nfcore_bacass:bacass:prokka,n1,344000,284954624,89207653,2559762
bacass,4352562006,nfcore_bacass:bacass:prokka,n2,241000,285134848,89085161,2559762
bacass,4352562006,nfcore_bacass:bacass:skewer,asok01,2962000,10637312,11066638029,4352562006
bacass,4352562006,nfcore_bacass:bacass:skewer,asok02,2945000,10874880,11066638029,4352562006
bacass,4352562006,nfcore_bacass:bacass:skewer,c2,2274000,11186176,11066638021,4352562006
bacass,4352562006,nfcore_bacass:bacass:skewer,local,2190000,10407936,11066638033,4352562006
bacass,4352562006,nfcore_bacass:bacass:skewer,n1,3224000,10821632,11066638025,4352562006
bacass,4352562006,nfcore_bacass:bacass:skewer,n2,2557000,10637312,11066638024,4352562006
bacass,4352562006,nfcore_bacass:bacass:unicycler,asok01,22599000,7603707904,90669527289,4075983804
bacass,4352562006,nfcore_bacass:bacass:unicycler,asok02,22401000,7602700288,90669622978,4075983804
bacass,4352562006,nfcore_bacass:bacass:unicycler,c2,7923000,7602978816,90668955900,4075983804
bacass,4352562006,nfcore_bacass:bacass:unicycler,local,11932000,7600472064,90669357832,4075983804
bacass,4352562006,nfcore_bacass:bacass:unicycler,n1,10743000,7600697344,90668998560,4075983804
bacass,4352562006,nfcore_bacass:bacass:unicycler,n2,8915000,7602155520,90668977232,4075983804
chipseq,3793245764,bigwig,asok01,382303,2014171136,4899488875,888932000
chipseq,3793245764,bigwig,asok02,405366,2014502912,4899488874,888932000
chipseq,3793245764,bigwig,c2,168481,2013646848,4899488869,888932000
chipseq,3793245764,bigwig,n1,262667,2013724672,4899488858,888932000
chipseq,3793245764,bigwig,n2,192867,2013806592,4899488859,888932000
chipseq,3793245764,bwa_mem,asok01,1050372,9350746112,6628691440,3784220267
chipseq,3793245764,bwa_mem,asok02,1073734,9354211328,6628691439,3784220267
chipseq,3793245764,bwa_mem,c2,645082,9335717888,6628691433,3784220267
chipseq,3793245764,bwa_mem,n1,832197,9334620160,6628691419,3784220267
chipseq,3793245764,bwa_mem,n2,699047,9330647040,6628691420,3784220267
chipseq,3793245764,fastqc,asok01,160035,1081032704,1911431,3793245764
chipseq,3793245764,fastqc,asok02,158790,1128468480,1911427,3793245764
chipseq,3793245764,fastqc,c2,79548,1040723968,1911406,3793245764
chipseq,3793245764,fastqc,n1,102711,1093517312,1911390,3793245764
chipseq,3793245764,fastqc,n2,88481,1042452480,1911388,3793245764
chipseq,3793245764,merged_bam,asok01,702429,8043687936,1178606247,1167242415
chipseq,3793245764,merged_bam,asok02,712734,7906521088,1178606247,1167242415
chipseq,3793245764,merged_bam,c2,323957,7926411264,1178606227,1167242415
chipseq,3793245764,merged_bam,n1,439943,8261308416,1178606230,1167242415
chipseq,3793245764,merged_bam,n2,363231,7899070464,1178606231,1167242415
chipseq,3793245764,merged_bam_filter,asok01,371869,18087936,1801777170,1177922323
chipseq,3793245764,merged_bam_filter,asok02,370514,18911232,1801777169,1177922323
chipseq,3793245764,merged_bam_filter,c2,224180,14995456,1801777164,1177922323
chipseq,3793245764,merged_bam_filter,n1,350063,19550208,1801777152,1177922323
chipseq,3793245764,merged_bam_filter,n2,248691,16818176,1801777154,1177922323
chipseq,3793245764,phantompeakqualtools,asok01,667324,811053056,5718279386,888932627
chipseq,3793245764,phantompeakqualtools,asok02,660962,811065344,5718279387,888932627
chipseq,3793245764,phantompeakqualtools,c2,283442,811130880,5718279391,888932627
chipseq,3793245764,phantompeakqualtools,n1,405178,811479040,5718279380,888932627
chipseq,3793245764,phantompeakqualtools,n2,308038,811425792,5718279382,888932627
chipseq,3793245764,picard_metrics,asok01,135756,1223139328,688084,4046539273
chipseq,3793245764,picard_metrics,asok02,133701,1046708224,688090,4046539273
chipseq,3793245764,picard_metrics,c2,88327,1250144256,687919,4046539273
chipseq,3793245764,picard_metrics,n1,102844,1236742144,687916,4046539273
chipseq,3793245764,picard_metrics,n2,93759,1223610368,687917,4046539273
chipseq,3793245764,plotprofile,asok01,700124,2200571904,768546379,196314566
chipseq,3793245764,plotprofile,asok02,720617,2212405248,768550267,196314566
chipseq,3793245764,plotprofile,c2,394245,2244972544,768545911,196314566
chipseq,3793245764,plotprofile,n1,701564,2178977792,768549626,196314566
chipseq,3793245764,plotprofile,n2,442166,2246275072,768541914,196314566
chipseq,3793245764,preseq,asok01,274133,15024128,491716,1177912325
chipseq,3793245764,preseq,asok02,273036,15929344,491703,1177912325
chipseq,3793245764,preseq,c2,129116,13807616,491577,1177912325
chipseq,3793245764,preseq,n1,217961,12013568,491579,1177912325
chipseq,3793245764,preseq,n2,147131,18968576,491581,1177912325
chipseq,3793245764,sort_bam,asok01,175859,5755756544,2318126563,1333896186
chipseq,3793245764,sort_bam,asok02,172728,5755826176,2318126577,1333896186
chipseq,3793245764,sort_bam,c2,95919,5755457536,2318126572,1333896186
chipseq,3793245764,sort_bam,n1,139614,5755723776,2318126559,1333896186
chipseq,3793245764,sort_bam,n2,111278,5755617280,2318126560,1333896186
chipseq,3793245764,trimgalore,asok01,295951,2109423616,16299514273,3793245764
chipseq,3793245764,trimgalore,asok02,306091,2122973184,16299514242,3793245764
chipseq,3793245764,trimgalore,c2,181765,2254684160,16299514205,3793245764
chipseq,3793245764,trimgalore,n1,260790,2152996864,16299514243,3793245764
chipseq,3793245764,trimgalore,n2,196891,2132058112,16299514261,3793245764
chipseq,4605965334,bigwig,asok01,402579,2014048256,5176779861,941231254
chipseq,4605965334,bigwig,asok02,401364,2014429184,5176779863,941231254
chipseq,4605965334,bigwig,c2,176889,2013966336,5176779853,941231254
chipseq,4605965334,bigwig,local,215426,2014191616,5176779860,941231254
chipseq,4605965334,bigwig,n1,279341,2013929472,5176779855,941231254
chipseq,4605965334,bigwig,n2,194211,2013892608,5176779855,941231254
chipseq,4605965334,bwa_mem,asok01,1381565,9852297216,8118369402,4591241389
chipseq,4605965334,bwa_mem,asok02,1381994,9867124736,8118369395,4591241389
chipseq,4605965334,bwa_mem,c2,831249,9846435840,8118369406,4591241389
chipseq,4605965334,bwa_mem,local,914792,9857683456,8118369398,4591241389
chipseq,4605965334,bwa_mem,n1,1213221,9848369152,8118369406,4591241389
chipseq,4605965334,bwa_mem,n2,980985,9857454080,8118369408,4591241389
chipseq,4605965334,fastqc,asok01,195619,1044635648,1913181,4605965334
chipseq,4605965334,fastqc,asok02,193665,1038258176,1913171,4605965334
chipseq,4605965334,fastqc,c2,86255,1155186688,1909266,4605965334
chipseq,4605965334,fastqc,local,94321,1041981440,1913179,4605965334
chipseq,4605965334,fastqc,n1,121410,1040355328,1909269,4605965334
chipseq,4605965334,fastqc,n2,101362,1119932416,1909282,4605965334
chipseq,4605965334,merged_bam,asok01,860910,8494297088,1400728839,1385704887
chipseq,4605965334,merged_bam,asok02,847603,8504152064,1400728832,1385704887
chipseq,4605965334,merged_bam,c2,376284,8484118528,1400728827,1385704887
chipseq,4605965334,merged_bam,local,476545,8483893248,1400728837,1385704887
chipseq,4605965334,merged_bam,n1,498359,8485498880,1400728829,1385704887
chipseq,4605965334,merged_bam,n2,417467,8476819456,1400728817,1385704887
chipseq,4605965334,merged_bam_filter,asok01,394827,19046400,1907090066,1400043637
chipseq,4605965334,merged_bam_filter,asok02,394226,19566592,1907090059,1400043637
chipseq,4605965334,merged_bam_filter,c2,229348,14094336,1907090058,1400043637
chipseq,4605965334,merged_bam_filter,local,279760,14057472,1907090065,1400043637
chipseq,4605965334,merged_bam_filter,n1,353312,20963328,1907090060,1400043637
chipseq,4605965334,merged_bam_filter,n2,255325,20262912,1907090060,1400043637
chipseq,4605965334,phantompeakqualtools,asok01,688502,867262464,6053686285,941231881
chipseq,4605965334,phantompeakqualtools,asok02,696581,867016704,6053686278,941231881
chipseq,4605965334,phantompeakqualtools,c2,292150,867115008,6053686287,941231881
chipseq,4605965334,phantompeakqualtools,local,395745,866967552,6053686285,941231881
chipseq,4605965334,phantompeakqualtools,n1,412111,866852864,6053686290,941231881
chipseq,4605965334,phantompeakqualtools,n2,317804,866926592,6053686289,941231881
chipseq,4605965334,picard_metrics,asok01,147104,927199232,687860,4098838527
chipseq,4605965334,picard_metrics,asok02,143740,1222500352,687858,4098838527
chipseq,4605965334,picard_metrics,c2,67978,913522688,687946,4098838527
chipseq,4605965334,picard_metrics,local,76515,1282600960,687971,4098838527
chipseq,4605965334,picard_metrics,n1,84029,905752576,687955,4098838527
chipseq,4605965334,picard_metrics,n2,77677,1212358656,687949,4098838527
chipseq,4605965334,plotprofile,asok01,715064,2191540224,771218967,212678222
chipseq,4605965334,plotprofile,asok02,704603,2203738112,771228578,212678222
chipseq,4605965334,plotprofile,c2,390378,2229174272,771235873,212678222
chipseq,4605965334,plotprofile,local,686830,2203193344,771222125,212678222
chipseq,4605965334,plotprofile,n1,689343,2185728000,771239741,212678222
chipseq,4605965334,plotprofile,n2,438403,2191360000,771246083,212678222
chipseq,4605965334,preseq,asok01,325110,19357696,472563,1400033639
chipseq,4605965334,preseq,asok02,329901,10170368,472556,1400033639
chipseq,4605965334,preseq,c2,149641,10072064,472555,1400033639
chipseq,4605965334,preseq,local,204363,10280960,472562,1400033639
chipseq,4605965334,preseq,n1,234492,10096640,472557,1400033639
chipseq,4605965334,preseq,n2,166159,10174464,472557,1400033639
chipseq,4605965334,sort_bam,asok01,237082,5752692736,2545926437,1649192839
chipseq,4605965334,sort_bam,asok02,204508,5753253888,2545926430,1649192839
chipseq,4605965334,sort_bam,c2,108320,5752315904,2545926429,1649192839
chipseq,4605965334,sort_bam,local,149323,5752778752,2545926436,1649192839
chipseq,4605965334,sort_bam,n1,143951,5752729600,2545926431,1649192839
chipseq,4605965334,sort_bam,n2,116210,5752373248,2545926431,1649192839
chipseq,4605965334,trimgalore,asok01,351919,2832822272,19757629092,4605965334
chipseq,4605965334,trimgalore,asok02,357182,2916618240,19757629127,4605965334
chipseq,4605965334,trimgalore,c2,205947,2883117056,19757625146,4605965334
chipseq,4605965334,trimgalore,local,251051,2800607232,19757629066,4605965334
chipseq,4605965334,trimgalore,n1,303999,2859786240,19757625142,4605965334
chipseq,4605965334,trimgalore,n2,243848,2793848832,19757625137,4605965334
chipseq,4807293396,bigwig,asok01,115168,2013573120,949785667,243464910
chipseq,4807293396,bigwig,asok02,116236,2013614080,949785660,243464910
chipseq,4807293396,bigwig,c2,50996,2013679616,949785658,243464910
chipseq,4807293396,bigwig,local,56092,2013425664,949785665,243464910
chipseq,4807293396,bigwig,n1,75089,2013569024,949785660,243464910
chipseq,4807293396,bigwig,n2,57414,2013360128,949785675,243464910
chipseq,4807293396,bwa_mem,asok01,1404783,9778204672,8496039039,4766177542
chipseq,4807293396,bwa_mem,asok02,1340332,9776295936,8496039026,4766177542
chipseq,4807293396,bwa_mem,c2,806125,9778372608,8496039022,4766177542
chipseq,4807293396,bwa_mem,local,880230,9780850688,8496039032,4766177542
chipseq,4807293396,bwa_mem,n1,1166296,9774727168,8496039028,4766177542
chipseq,4807293396,bwa_mem,n2,938399,9775783936,8496039012,4766177542
chipseq,4807293396,fastqc,asok01,212568,1042681856,1914429,4807293396
chipseq,4807293396,fastqc,asok02,205604,1076424704,1914434,4807293396
chipseq,4807293396,fastqc,c2,108715,1062416384,1910513,4807293396
chipseq,4807293396,fastqc,local,100370,1040834560,1914428,4807293396
chipseq,4807293396,fastqc,n1,127396,1152876544,1910517,4807293396
chipseq,4807293396,fastqc,n2,109302,1042313216,1910517,4807293396
chipseq,4807293396,macs2,asok01,310163,806551552,2046803654,1184695863
chipseq,4807293396,macs2,asok02,289223,806535168,2046803648,1184695863
chipseq,4807293396,macs2,c2,154582,806117376,2046800927,1184695863
chipseq,4807293396,macs2,local,245907,806547456,2046803641,1184695863
chipseq,4807293396,macs2,n1,309297,806182912,2046800929,1184695863
chipseq,4807293396,macs2,n2,166725,805957632,2046800929,1184695863
chipseq,4807293396,macs2_annotate,asok01,166582,1415933952,226861054,3303267925
chipseq,4807293396,macs2_annotate,asok02,165804,1415458816,226860861,3303267925
chipseq,4807293396,macs2_annotate,c2,71198,1414483968,226860807,3303267925
chipseq,4807293396,macs2_annotate,local,105607,1405702144,226860941,3303267925
chipseq,4807293396,macs2_annotate,n1,139163,1414955008,226860804,3303267925
chipseq,4807293396,macs2_annotate,n2,79117,1415348224,226860785,3303267925
chipseq,4807293396,merged_bam,asok01,819507,8501190656,1167134332,1141439533
chipseq,4807293396,merged_bam,asok02,814776,8500473856,1167134325,1141439533
chipseq,4807293396,merged_bam,c2,341959,8510525440,1167134308,1141439533
chipseq,4807293396,merged_bam,local,443374,8511959040,1167134342,1141439533
chipseq,4807293396,merged_bam,n1,450543,8503214080,1167134310,1141439533
chipseq,4807293396,merged_bam,n2,389444,8510156800,1167134322,1141439533
chipseq,4807293396,merged_bam_filter,asok01,104887,14417920,490457984,1166448575
chipseq,4807293396,merged_bam_filter,asok02,104432,14356480,490457977,1166448575
chipseq,4807293396,merged_bam_filter,c2,60040,14155776,490457975,1166448575
chipseq,4807293396,merged_bam_filter,local,72589,14073856,490457982,1166448575
chipseq,4807293396,merged_bam_filter,n1,92316,16314368,490457978,1166448575
chipseq,4807293396,merged_bam_filter,n2,66370,14049280,490457977,1166448575
chipseq,4807293396,phantompeakqualtools,asok01,150819,311300096,1584612386,243465539
chipseq,4807293396,phantompeakqualtools,asok02,152047,310685696,1584612380,243465539
chipseq,4807293396,phantompeakqualtools,c2,66912,310906880,1584612388,243465539
chipseq,4807293396,phantompeakqualtools,local,92554,310792192,1584612388,243465539
chipseq,4807293396,phantompeakqualtools,n1,96886,311037952,1584612390,243465539
chipseq,4807293396,phantompeakqualtools,n2,75395,310894592,1584612400,243465539
chipseq,4807293396,picard_metrics,asok01,56096,900321280,686065,3401072185
chipseq,4807293396,picard_metrics,asok02,57686,903999488,686070,3401072185
chipseq,4807293396,picard_metrics,c2,27327,916340736,686144,3401072185
chipseq,4807293396,picard_metrics,local,29075,906207232,686168,3401072185
chipseq,4807293396,picard_metrics,n1,35264,1040162816,686154,3401072185
chipseq,4807293396,picard_metrics,n2,32711,1065504768,686162,3401072185
chipseq,4807293396,plotfingerprint,asok01,214594,1339203584,15205159,1184695023
chipseq,4807293396,plotfingerprint,asok02,216047,1335054336,15205202,1184695023
chipseq,4807293396,plotfingerprint,c2,122555,1335382016,15197467,1184695023
chipseq,4807293396,plotfingerprint,local,158125,1336102912,15205265,1184695023
chipseq,4807293396,plotfingerprint,n1,171337,1335664640,15197425,1184695023
chipseq,4807293396,plotfingerprint,n2,129807,1336070144,15197524,1184695023
chipseq,4807293396,plotprofile,asok01,693993,2254839808,654221888,54336392
chipseq,4807293396,plotprofile,asok02,724755,2265931776,654209980,54336392
chipseq,4807293396,plotprofile,c2,382913,2162728960,654228714,54336392
chipseq,4807293396,plotprofile,local,683413,2295889920,654215188,54336392
chipseq,4807293396,plotprofile,n1,690224,2219331584,654233683,54336392
chipseq,4807293396,plotprofile,n2,434666,2055372800,654224671,54336392
chipseq,4807293396,preseq,asok01,333272,16289792,469191,1166438577
chipseq,4807293396,preseq,asok02,334142,14848000,469184,1166438577
chipseq,4807293396,preseq,c2,156455,19632128,469183,1166438577
chipseq,4807293396,preseq,local,210438,12238848,469190,1166438577
chipseq,4807293396,preseq,n1,241841,13168640,469185,1166438577
chipseq,4807293396,preseq,n2,171222,10129408,469185,1166438577
chipseq,4807293396,sort_bam,asok01,230306,5759315968,2172975310,1794924095
chipseq,4807293396,sort_bam,asok02,189716,5759746048,2172975315,1794924095
chipseq,4807293396,sort_bam,c2,92304,5759275008,2172975302,1794924095
chipseq,4807293396,sort_bam,local,137328,5759115264,2172975309,1794924095
chipseq,4807293396,sort_bam,n1,133082,5759283200,2172975304,1794924095
chipseq,4807293396,sort_bam,n2,104996,5759610880,2172975304,1794924095
chipseq,4807293396,trimgalore,asok01,376790,3100135424,20598738787,4807293396
chipseq,4807293396,trimgalore,asok02,381735,3077087232,20598738768,4807293396
chipseq,4807293396,trimgalore,c2,220952,3016290304,20598734862,4807293396
chipseq,4807293396,trimgalore,local,275099,2954379264,20598738769,4807293396
chipseq,4807293396,trimgalore,n1,331973,2964987904,20598734868,4807293396
chipseq,4807293396,trimgalore,n2,260326,3067981824,20598734864,4807293396
chipseq,5058052541,bigwig,asok01,133966,2013626368,1175749852,295486325
chipseq,5058052541,bigwig,asok02,142539,2013548544,1175749851,295486325
chipseq,5058052541,bigwig,c2,61686,2013138944,1175749845,295486325
chipseq,5058052541,bigwig,n1,92000,2013515776,1175749835,295486325
chipseq,5058052541,bigwig,n2,69154,2013233152,1175749835,295486325
chipseq,5058052541,bwa_mem,asok01,1398196,9642422272,8953580002,5016728573
chipseq,5058052541,bwa_mem,asok02,1394047,9637007360,8953579998,5016728573
chipseq,5058052541,bwa_mem,c2,799734,9613205504,8953579990,5016728573
chipseq,5058052541,bwa_mem,n1,1090493,9622196224,8953579978,5016728573
chipseq,5058052541,bwa_mem,n2,913317,9618460672,8953579978,5016728573
chipseq,5058052541,fastqc,asok01,215538,1086550016,1885962,5058052541
chipseq,5058052541,fastqc,asok02,216555,1042132992,1885961,5058052541
chipseq,5058052541,fastqc,c2,107319,1084923904,1885944,5058052541
chipseq,5058052541,fastqc,n1,270564,1043673088,1885928,5058052541
chipseq,5058052541,fastqc,n2,260415,1042137088,1885929,5058052541
chipseq,5058052541,macs2,asok01,301571,801746944,2162198231,1184418024
chipseq,5058052541,macs2,asok02,313507,787173376,2162198217,1184418024
chipseq,5058052541,macs2,c2,158675,800899072,2162198208,1184418024
chipseq,5058052541,macs2,n1,335163,787668992,2162198197,1184418024
chipseq,5058052541,macs2,n2,178025,801820672,2162198198,1184418024
chipseq,5058052541,macs2_annotate,asok01,168746,1458937856,237242712,3304939512
chipseq,5058052541,macs2_annotate,asok02,170153,1458950144,237243172,3304939512
chipseq,5058052541,macs2_annotate,c2,72568,1459724288,237242497,3304939512
chipseq,5058052541,macs2_annotate,n1,139671,1459843072,237243029,3304939512
chipseq,5058052541,macs2_annotate,n2,80800,1445879808,237242815,3304939512
chipseq,5058052541,merged_bam,asok01,867493,8711839744,1246956199,1219589547
chipseq,5058052541,merged_bam,asok02,879835,8718774272,1246956186,1219589547
chipseq,5058052541,merged_bam,c2,376410,8714084352,1246956177,1219589547
chipseq,5058052541,merged_bam,n1,520103,8731865088,1246956180,1219589547
chipseq,5058052541,merged_bam,n2,420613,8716931072,1246956182,1219589547
chipseq,5058052541,merged_bam_filter,asok01,126950,20660224,596289700,1246269563
chipseq,5058052541,merged_bam_filter,asok02,126184,22200320,596289699,1246269563
chipseq,5058052541,merged_bam_filter,c2,74592,13869056,596289693,1246269563
chipseq,5058052541,merged_bam_filter,n1,117941,20230144,596289682,1246269563
chipseq,5058052541,merged_bam_filter,n2,83497,14016512,596289684,1246269563
chipseq,5058052541,phantompeakqualtools,asok01,186375,396873728,1925102248,295486954
chipseq,5058052541,phantompeakqualtools,asok02,189927,396718080,1925102248,295486954
chipseq,5058052541,phantompeakqualtools,c2,83895,394260480,1925102251,295486954
chipseq,5058052541,phantompeakqualtools,n1,121926,394260480,1925102241,295486954
chipseq,5058052541,phantompeakqualtools,n2,90297,394231808,1925102242,295486954
chipseq,5058052541,picard_metrics,asok01,63528,950947840,686279,3453093600
chipseq,5058052541,picard_metrics,asok02,68415,966787072,686274,3453093600
chipseq,5058052541,picard_metrics,c2,30948,954449920,686120,3453093600
chipseq,5058052541,picard_metrics,n1,45881,1069723648,686105,3453093600
chipseq,5058052541,picard_metrics,n2,40779,1077370880,686110,3453093600
chipseq,5058052541,plotfingerprint,asok01,230457,1337622528,16147122,1184417184
chipseq,5058052541,plotfingerprint,asok02,228910,1337655296,16147030,1184417184
chipseq,5058052541,plotfingerprint,c2,139512,1336885248,16146983,1184417184
chipseq,5058052541,plotfingerprint,n1,195048,1340997632,16147065,1184417184
chipseq,5058052541,plotfingerprint,n2,143544,1338613760,16147077,1184417184
chipseq,5058052541,plotprofile,asok01,708096,2317455360,664764062,62701792
chipseq,5058052541,plotprofile,asok02,716033,2237296640,664755386,62701792
chipseq,5058052541,plotprofile,c2,380743,2185568256,664781600,62701792
chipseq,5058052541,plotprofile,n1,691319,2157899776,664773687,62701792
chipseq,5058052541,plotprofile,n2,437510,2175213568,664770505,62701792
chipseq,5058052541,preseq,asok01,349396,11567104,463087,1246259565
chipseq,5058052541,preseq,asok02,351798,17408000,463098,1246259565
chipseq,5058052541,preseq,c2,167643,14450688,462960,1246259565
chipseq,5058052541,preseq,n1,277411,10235904,462948,1246259565
chipseq,5058052541,preseq,n2,187124,19304448,462950,1246259565
chipseq,5058052541,sort_bam,asok01,203356,5759668224,2255619770,1889340888
chipseq,5058052541,sort_bam,asok02,196974,5759389696,2255619754,1889340888
chipseq,5058052541,sort_bam,c2,97107,5759172608,2255619749,1889340888
chipseq,5058052541,sort_bam,n1,147662,5759475712,2255619751,1889340888
chipseq,5058052541,sort_bam,n2,109359,5759524864,2255619753,1889340888
chipseq,5058052541,trimgalore,asok01,408235,3328184320,21668036837,5058052541
chipseq,5058052541,trimgalore,asok02,420173,3330813952,21668036814,5058052541
chipseq,5058052541,trimgalore,c2,248202,3519377408,21668036842,5058052541
chipseq,5058052541,trimgalore,n1,353945,3336454144,21668036839,5058052541
chipseq,5058052541,trimgalore,n2,270972,3508989952,21668036823,5058052541
chipseq,32978181418,bigwig,asok01,1786783,2016780288,25222832037,3864323251
chipseq,32978181418,bigwig,asok02,1762852,2016768000,25222832024,3864323251
chipseq,32978181418,bigwig,c2,782519,2015649792,25222832017,3864323251
chipseq,32978181418,bigwig,local,1018233,2016550912,25222832026,3864323251
chipseq,32978181418,bigwig,n1,1082030,2016346112,25222832031,3864323251
chipseq,32978181418,bigwig,n2,892453,2016641024,25222832034,3864323251
chipseq,32978181418,bwa_mem,asok01,8392209,9325637632,55747534704,31578852210
chipseq,32978181418,bwa_mem,asok02,8388920,9329078272,55747534718,31578852210
chipseq,32978181418,bwa_mem,c2,5115989,9326989312,55747534698,31578852210
chipseq,32978181418,bwa_mem,local,5486289,9322647552,55747534722,31578852210
chipseq,32978181418,bwa_mem,n1,6838246,9325768704,55747534713,31578852210
chipseq,32978181418,bwa_mem,n2,5465252,9316454400,55747534714,31578852210
chipseq,32978181418,fastqc,asok01,1361699,1038020608,1873856,32978181418
chipseq,32978181418,fastqc,asok02,1373082,1041186816,1873854,32978181418
chipseq,32978181418,fastqc,c2,598362,1037647872,1869924,32978181418
chipseq,32978181418,fastqc,local,665408,1037496320,1873845,32978181418
chipseq,32978181418,fastqc,n1,788534,1035862016,1869936,32978181418
chipseq,32978181418,fastqc,n2,663425,1036976128,1869926,32978181418
chipseq,32978181418,macs2,asok01,3116958,4956614656,18781359633,10846094458
chipseq,32978181418,macs2,asok02,2664105,4956549120,18781359633,10846094458
chipseq,32978181418,macs2,c2,1419676,4950138880,18781356885,10846094458
chipseq,32978181418,macs2,local,2328379,4957224960,18781359622,10846094458
chipseq,32978181418,macs2,n1,1850454,4956291072,18781356906,10846094458
chipseq,32978181418,macs2,n2,1672857,4952559616,18781356900,10846094458
chipseq,32978181418,macs2_annotate,asok01,161926,1344782336,210405112,3300616140
chipseq,32978181418,macs2_annotate,asok02,160002,1344851968,210405132,3300616140
chipseq,32978181418,macs2_annotate,c2,73444,1344376832,210405269,3300616140
chipseq,32978181418,macs2_annotate,local,103666,1344303104,210405210,3300616140
chipseq,32978181418,macs2_annotate,n1,90494,1344323584,210405156,3300616140
chipseq,32978181418,macs2_annotate,n2,76758,1330184192,210405189,3300616140
chipseq,32978181418,merged_bam,asok01,5455680,7265513472,10456425036,8365922451
chipseq,32978181418,merged_bam,asok02,5570354,7254069248,10456425022,8365922451
chipseq,32978181418,merged_bam,c2,2483675,7098195968,10456425004,8365922451
chipseq,32978181418,merged_bam,local,3047527,7177003008,10456425027,8365922451
chipseq,32978181418,merged_bam,n1,3076338,7085473792,10456425020,8365922451
chipseq,32978181418,merged_bam,n2,2704887,7032946688,10456425005,8365922451
chipseq,32978181418,merged_bam_filter,asok01,1694081,16867328,7828981043,8507561433
chipseq,32978181418,merged_bam_filter,asok02,1676288,22618112,7828981042,8507561433
chipseq,32978181418,merged_bam_filter,c2,978717,14184448,7828981037,8507561433
chipseq,32978181418,merged_bam_filter,local,1231180,14290944,7828981051,8507561433
chipseq,32978181418,merged_bam_filter,n1,1300617,22560768,7828981026,8507561433
chipseq,32978181418,merged_bam_filter,n2,1072915,16748544,7828981041,8507561433
chipseq,32978181418,phantompeakqualtools,asok01,3691876,3820408832,26453959436,3864323878
chipseq,32978181418,phantompeakqualtools,asok02,3460417,3820494848,26453959434,3864323878
chipseq,32978181418,phantompeakqualtools,c2,1519701,3830243328,26453959439,3864323878
chipseq,32978181418,phantompeakqualtools,local,1906970,3820990464,26453959443,3864323878
chipseq,32978181418,phantompeakqualtools,n1,1932365,3828502528,26453959437,3864323878
chipseq,32978181418,phantompeakqualtools,n2,1652355,3829747712,26453959442,3864323878
chipseq,32978181418,picard_metrics,asok01,572149,1216372736,698963,7021930524
chipseq,32978181418,picard_metrics,asok02,593926,1224531968,698951,7021930524
chipseq,32978181418,picard_metrics,c2,273173,1237139456,699050,7021930524
chipseq,32978181418,picard_metrics,local,308422,1226252288,699083,7021930524
chipseq,32978181418,picard_metrics,n1,317791,1229500416,699049,7021930524
chipseq,32978181418,picard_metrics,n2,312717,1223602176,699052,7021930524
chipseq,32978181418,plotfingerprint,asok01,704553,1575796736,71572461,10846093618
chipseq,32978181418,plotfingerprint,asok02,457086,1562038272,71572457,10846093618
chipseq,32978181418,plotfingerprint,c2,249703,1557843968,71564648,10846093618
chipseq,32978181418,plotfingerprint,local,423448,1578188800,71572455,10846093618
chipseq,32978181418,plotfingerprint,n1,353679,1559175168,71564692,10846093618
chipseq,32978181418,plotfingerprint,n2,279695,1560334336,71564779,10846093618
chipseq,32978181418,plotprofile,asok01,729722,2219139072,857016352,756892054
chipseq,32978181418,plotprofile,asok02,721744,2258092032,857008308,756892054
chipseq,32978181418,plotprofile,c2,398917,2210013184,857022521,756892054
chipseq,32978181418,plotprofile,local,696819,2229583872,857012234,756892054
chipseq,32978181418,plotprofile,n1,543532,2267910144,857028319,756892054
chipseq,32978181418,plotprofile,n2,444325,2208444416,857022105,756892054
chipseq,32978181418,preseq,asok01,3233122,20754432,510223,8507551435
chipseq,32978181418,preseq,asok02,3142692,19714048,510232,8507551435
chipseq,32978181418,preseq,c2,1239835,20402176,510218,8507551435
chipseq,32978181418,preseq,local,1780775,20951040,510225,8507551435
chipseq,32978181418,preseq,n1,1610524,19660800,510231,8507551435
chipseq,32978181418,preseq,n2,1359486,18874368,510233,8507551435
chipseq,32978181418,sort_bam,asok01,2201704,5759045632,18970637461,11507734634
chipseq,32978181418,sort_bam,asok02,1708997,5759094784,18970637461,11507734634
chipseq,32978181418,sort_bam,c2,825719,5758808064,18970637456,11507734634
chipseq,32978181418,sort_bam,local,1195522,5758885888,18970637465,11507734634
chipseq,32978181418,sort_bam,n1,959999,5759164416,18970637457,11507734634
chipseq,32978181418,sort_bam,n2,883779,5758988288,18970637457,11507734634
chipseq,32978181418,trimgalore,asok01,2555239,4319809536,137207358887,32978181418
chipseq,32978181418,trimgalore,asok02,2480857,4286902272,137207358861,32978181418
chipseq,32978181418,trimgalore,c2,1538207,4311732224,137207354944,32978181418
chipseq,32978181418,trimgalore,local,1766271,4295307264,137207358893,32978181418
chipseq,32978181418,trimgalore,n1,1975234,4320919552,137207354956,32978181418
chipseq,32978181418,trimgalore,n2,1638274,4314480640,137207354971,32978181418
chipseq,41366257414,bigwig,asok01,3214500,2019139584,42949530405,6981771510
chipseq,41366257414,bigwig,asok02,3023591,2019082240,42949530400,6981771510
chipseq,41366257414,bigwig,c2,1320428,2018979840,42949530395,6981771510
chipseq,41366257414,bigwig,local,1842266,2018717696,42949530391,6981771510
chipseq,41366257414,bigwig,n1,1815174,2018607104,42949530399,6981771510
chipseq,41366257414,bigwig,n2,1515296,2018566144,42949530399,6981771510
chipseq,41366257414,bwa_mem,asok01,10145650,9277718528,69202109399,38708045419
chipseq,41366257414,bwa_mem,asok02,10142779,9286750208,69202109399,38708045419
chipseq,41366257414,bwa_mem,c2,5979153,9267761152,69202109393,38708045419
chipseq,41366257414,bwa_mem,local,6634477,9271529472,69202109401,38708045419
chipseq,41366257414,bwa_mem,n1,7987913,9276354560,69202109392,38708045419
chipseq,41366257414,bwa_mem,n2,6521209,9272520704,69202109394,38708045419
chipseq,41366257414,fastqc,asok01,1720967,1036087296,1875795,41366257414
chipseq,41366257414,fastqc,asok02,1730722,1034498048,1875796,41366257414
chipseq,41366257414,fastqc,c2,786626,1038307328,1871892,41366257414
chipseq,41366257414,fastqc,local,816536,1033555968,1875799,41366257414
chipseq,41366257414,fastqc,n1,992528,1033576448,1871893,41366257414
chipseq,41366257414,fastqc,n2,851716,1035186176,1871894,41366257414
chipseq,41366257414,merged_bam,asok01,7059120,7430434816,14122513094,11391838127
chipseq,41366257414,merged_bam,asok02,7131154,7045140480,14122513089,11391838127
chipseq,41366257414,merged_bam,c2,3167084,7154556928,14122513073,11391838127
chipseq,41366257414,merged_bam,local,3907462,7209795584,14122513096,11391838127
chipseq,41366257414,merged_bam,n1,3919073,7105961984,14122513074,11391838127
chipseq,41366257414,merged_bam,n2,3565205,7111655424,14122513074,11391838127
chipseq,41366257414,merged_bam_filter,asok01,2916175,21819392,14118487469,11542672983
chipseq,41366257414,merged_bam_filter,asok02,2902015,24215552,14118487453,11542672983
chipseq,41366257414,merged_bam_filter,c2,1675295,16920576,14118487463,11542672983
chipseq,41366257414,merged_bam_filter,local,2037037,22884352,14118487471,11542672983
chipseq,41366257414,merged_bam_filter,n1,2260188,17481728,14118487461,11542672983
chipseq,41366257414,merged_bam_filter,n2,1871154,20668416,14118487449,11542672983
chipseq,41366257414,phantompeakqualtools,asok01,6378056,6320693248,46198154156,6981772135
chipseq,41366257414,phantompeakqualtools,asok02,6114350,6322356224,46198154170,6981772135
chipseq,41366257414,phantompeakqualtools,c2,2718851,6326018048,46198154173,6981772135
chipseq,41366257414,phantompeakqualtools,local,3286156,6322700288,46198154174,6981772135
chipseq,41366257414,phantompeakqualtools,n1,3394809,6324023296,46198154175,6981772135
chipseq,41366257414,phantompeakqualtools,n2,2927838,6319915008,46198154159,6981772135
chipseq,41366257414,picard_metrics,asok01,933841,1324371968,709308,10139378781
chipseq,41366257414,picard_metrics,asok02,896507,1368326144,709305,10139378781
chipseq,41366257414,picard_metrics,c2,445760,1276383232,709369,10139378781
chipseq,41366257414,picard_metrics,local,512965,1223917568,709416,10139378781
chipseq,41366257414,picard_metrics,n1,498292,1217732608,709397,10139378781
chipseq,41366257414,picard_metrics,n2,507371,1267470336,709389,10139378781
chipseq,41366257414,plotprofile,asok01,739212,2203123712,867459764,1231910945
chipseq,41366257414,plotprofile,asok02,740774,2268418048,867455686,1231910945
chipseq,41366257414,plotprofile,c2,414669,2235428864,867478467,1231910945
chipseq,41366257414,plotprofile,local,714038,2258796544,867446106,1231910945
chipseq,41366257414,plotprofile,n1,557785,2224885760,867473798,1231910945
chipseq,41366257414,plotprofile,n2,455263,2207481856,867472612,1231910945
chipseq,41366257414,preseq,asok01,3381702,19730432,513947,11542662985
chipseq,41366257414,preseq,asok02,3324848,18268160,513946,11542662985
chipseq,41366257414,preseq,c2,1394106,19152896,513941,11542662985
chipseq,41366257414,preseq,local,2058587,19595264,513951,11542662985
chipseq,41366257414,preseq,n1,1820611,17965056,513942,11542662985
chipseq,41366257414,preseq,n2,1534108,18206720,513941,11542662985
chipseq,41366257414,sort_bam,asok01,3030673,5745717248,26024433273,14699649504
chipseq,41366257414,sort_bam,asok02,2358640,5745344512,26024433273,14699649504
chipseq,41366257414,sort_bam,c2,1108014,5745676288,26024433268,14699649504
chipseq,41366257414,sort_bam,local,1676352,5745467392,26024433289,14699649504
chipseq,41366257414,sort_bam,n1,1276153,5745086464,26024433285,14699649504
chipseq,41366257414,sort_bam,n2,1174376,5745348608,26024433269,14699649504
chipseq,41366257414,trimgalore,asok01,3305860,4291600384,170445601673,41366257414
chipseq,41366257414,trimgalore,asok02,3063013,4296417280,170445601673,41366257414
chipseq,41366257414,trimgalore,c2,1902159,4321902592,170445597757,41366257414
chipseq,41366257414,trimgalore,local,2210561,4317204480,170445601675,41366257414
chipseq,41366257414,trimgalore,n1,2454126,4321513472,170445597761,41366257414
chipseq,41366257414,trimgalore,n2,2033813,4323659776,170445597764,41366257414
eager,8330435694,adapter_removal,asok01,804250,194977792,3300334467,8330435839
eager,8330435694,adapter_removal,asok02,787952,193695744,3300334704,8330435839
eager,8330435694,adapter_removal,c2,360589,211013632,3300335211,8330435839
eager,8330435694,adapter_removal,local,432899,137863168,3300336616,8330435839
eager,8330435694,adapter_removal,n1,524893,198856704,3300333837,8330435839
eager,8330435694,adapter_removal,n2,410981,148131840,3300335405,8330435839
eager,8330435694,bcftools_stats,asok01,12686,10502144,22546,678428015
eager,8330435694,bcftools_stats,asok02,13496,10440704,22583,678428015
eager,8330435694,bcftools_stats,c2,6181,10481664,22551,678428015
eager,8330435694,bcftools_stats,local,7872,10178560,22541,678428015
eager,8330435694,bcftools_stats,n1,8866,10416128,22461,678428015
eager,8330435694,bcftools_stats,n2,6761,10387456,22533,678428015
eager,8330435694,bwa,asok01,2475139,3983097856,3482446322,2100729326
eager,8330435694,bwa,asok02,2472877,3911446528,3482375338,2100729326
eager,8330435694,bwa,c2,1216631,3627200512,3482414027,2100729326
eager,8330435694,bwa,local,1402931,3983355904,3482426110,2100729326
eager,8330435694,bwa,n1,1643358,3968925696,3482419993,2100729326
eager,8330435694,bwa,n2,1371525,3698520064,3482407087,2100729326
eager,8330435694,damageprofiler,asok01,77478,1821274112,2152906,796054587
eager,8330435694,damageprofiler,asok02,76006,1795158016,2152964,796068582
eager,8330435694,damageprofiler,c2,42506,1754370048,2152860,796032658
eager,8330435694,damageprofiler,local,52131,1806290944,2152958,796041986
eager,8330435694,damageprofiler,n1,61896,1811828736,2152989,796041008
eager,8330435694,damageprofiler,n2,46466,1797894144,2153045,796052205
eager,8330435694,fastqc,asok01,272748,342253568,2041899,8330435694
eager,8330435694,fastqc,asok02,230997,374931456,2041899,8330435694
eager,8330435694,fastqc,c2,104115,341528576,2041890,8330435694
eager,8330435694,fastqc,local,115314,350736384,2041898,8330435694
eager,8330435694,fastqc,n1,154370,363778048,2041893,8330435694
eager,8330435694,fastqc,n2,115828,365260800,2041895,8330435694
eager,8330435694,fastqc_after_clipping,asok01,95541,344690688,971044,2100725230
eager,8330435694,fastqc_after_clipping,asok02,93527,354144256,971595,2100725230
eager,8330435694,fastqc_after_clipping,c2,48242,337772544,971182,2100725230
eager,8330435694,fastqc_after_clipping,local,52260,353705984,971048,2100725230
eager,8330435694,fastqc_after_clipping,n1,67290,350703616,971473,2100725230
eager,8330435694,fastqc_after_clipping,n2,53271,335491072,971164,2100725230
eager,8330435694,genotyping_hc,asok01,5552707,5588656128,764321874,796100263
eager,8330435694,genotyping_hc,asok02,5518887,5589917696,764418132,796114258
eager,8330435694,genotyping_hc,c2,2383971,5586153472,766337927,796079469
eager,8330435694,genotyping_hc,local,2870443,5409779712,766409963,796089024
eager,8330435694,genotyping_hc,n1,3502399,5594255360,766395783,796087819
eager,8330435694,genotyping_hc,n2,2586578,5446979584,766451619,796099016
eager,8330435694,markduplicates,asok01,95246,2863779840,118332029,124015985
eager,8330435694,markduplicates,asok02,90146,2875318272,118346024,124021062
eager,8330435694,markduplicates,c2,44565,2881585152,118310101,124019386
eager,8330435694,markduplicates,local,51812,2486988800,118319462,124026140
eager,8330435694,markduplicates,n1,57131,2883600384,118318464,124022393
eager,8330435694,markduplicates,n2,48657,2724237312,118329651,124026094
eager,8330435694,preseq,asok01,20485,7798784,52059,123347977
eager,8330435694,preseq,asok02,19982,7954432,52058,123353278
eager,8330435694,preseq,c2,11984,7692288,52058,123351554
eager,8330435694,preseq,local,14330,7749632,52056,123357956
eager,8330435694,preseq,n1,20679,7741440,52069,123354145
eager,8330435694,preseq,n2,13518,7806976,52062,123358430
eager,8330435694,qualimap,asok01,54600,1315364864,858067,796054587
eager,8330435694,qualimap,asok02,50515,1282482176,857936,796068582
eager,8330435694,qualimap,c2,21916,1256755200,858625,796032658
eager,8330435694,qualimap,local,28895,1038356480,858427,796041986
eager,8330435694,qualimap,n1,29012,1091215360,857955,796041008
eager,8330435694,qualimap,n2,22970,1046495232,858528,796052205
eager,8330435694,samtools_filter,asok01,13326,10498048,124016179,434374905
eager,8330435694,samtools_filter,asok02,13476,10797056,124021256,434368444
eager,8330435694,samtools_filter,c2,5286,10317824,124019566,434369623
eager,8330435694,samtools_filter,local,8094,10260480,124026333,434366225
eager,8330435694,samtools_filter,n1,8098,10432512,124022574,434375996
eager,8330435694,samtools_filter,n2,5742,10182656,124026276,434369686
eager,8330435694,samtools_flagstat,asok01,9957,6770688,579,434374905
eager,8330435694,samtools_flagstat,asok02,9898,4861952,579,434368444
eager,8330435694,samtools_flagstat,c2,4353,4743168,565,434369623
eager,8330435694,samtools_flagstat,local,5162,4726784,578,434366225
eager,8330435694,samtools_flagstat,n1,7080,6430720,566,434375996
eager,8330435694,samtools_flagstat,n2,5408,6418432,567,434369686
eager,8330435694,samtools_flagstat_after_filter,asok01,2804,6676480,579,124015985
eager,8330435694,samtools_flagstat_after_filter,asok02,2747,6524928,579,124021062
eager,8330435694,samtools_flagstat_after_filter,c2,1424,4616192,565,124019386
eager,8330435694,samtools_flagstat_after_filter,local,1617,4853760,578,124026140
eager,8330435694,samtools_flagstat_after_filter,n1,1877,6385664,578,124022393
eager,8330435694,samtools_flagstat_after_filter,n2,1577,6348800,567,124026094
eager,14754556884,adapter_removal,asok01,1407518,196780032,5707204271,14754557029
eager,14754556884,adapter_removal,asok02,1188392,187392000,5707205864,14754557029
eager,14754556884,adapter_removal,c2,620937,193368064,5707206560,14754557029
eager,14754556884,adapter_removal,n1,948548,124575744,5707206890,14754557029
eager,14754556884,adapter_removal,n2,713485,130641920,5707205140,14754557029
eager,14754556884,bcftools_stats,asok01,18941,10252288,26141,678428015
eager,14754556884,bcftools_stats,asok02,18954,10842112,26143,678428015
eager,14754556884,bcftools_stats,c2,9051,10866688,26121,678428015
eager,14754556884,bcftools_stats,n1,15017,10407936,26148,678428015
eager,14754556884,bcftools_stats,n2,11077,10485760,26066,678428015
eager,14754556884,bwa,asok01,4569951,7103053824,6083406042,3664100318
eager,14754556884,bwa,asok02,4550325,6636232704,6083596454,3664100318
eager,14754556884,bwa,c2,2359310,6869925888,6083475137,3664100318
eager,14754556884,bwa,n1,3253683,7016009728,6083474248,3664100318
eager,14754556884,bwa,n2,2560290,6444421120,6083534171,3664100318
eager,14754556884,damageprofiler,asok01,123729,1955627008,3473754,868527506
eager,14754556884,damageprofiler,asok02,123999,1966133248,3473877,868531193
eager,14754556884,damageprofiler,c2,61682,1921298432,3473805,868513288
eager,14754556884,damageprofiler,n1,94913,2014584832,3473713,868504673
eager,14754556884,damageprofiler,n2,69302,2006556672,3473850,868513816
eager,14754556884,fastqc,asok01,335673,401133568,2061840,14754556884
eager,14754556884,fastqc,asok02,333570,406818816,2061835,14754556884
eager,14754556884,fastqc,c2,199401,389996544,2061826,14754556884
eager,14754556884,fastqc,n1,279652,376692736,2061827,14754556884
eager,14754556884,fastqc,n2,204493,410685440,2061827,14754556884
eager,14754556884,fastqc_after_clipping,asok01,164397,392556544,971313,3664096222
eager,14754556884,fastqc_after_clipping,asok02,161443,352620544,971267,3664096222
eager,14754556884,fastqc_after_clipping,c2,85594,337604608,971053,3664096222
eager,14754556884,fastqc_after_clipping,n1,127186,386191360,971064,3664096222
eager,14754556884,fastqc_after_clipping,n2,94888,348160000,971008,3664096222
eager,14754556884,genotyping_hc,asok01,7770035,5566287872,1263488486,868576360
eager,14754556884,genotyping_hc,asok02,7709811,5568385024,1263559323,868580047
eager,14754556884,genotyping_hc,c2,3318117,5570674688,1265539233,868560099
eager,14754556884,genotyping_hc,n1,5451079,5447598080,1265498693,868551484
eager,14754556884,genotyping_hc,n2,3657452,5376614400,1265613452,868560627
eager,14754556884,markduplicates,asok01,132963,2566746112,190805842,204589703
eager,14754556884,markduplicates,asok02,131682,2563231744,190809525,204598566
eager,14754556884,markduplicates,c2,68289,3035201536,190791543,204595945
eager,14754556884,markduplicates,n1,97270,3022913536,190782946,204589976
eager,14754556884,markduplicates,n2,77399,2983964672,190792070,204597911
eager,14754556884,preseq,asok01,34671,7938048,93920,204047823
eager,14754556884,preseq,asok02,34287,7946240,93940,204056206
eager,14754556884,preseq,c2,20218,7766016,93910,204053513
eager,14754556884,preseq,n1,33445,7327744,93954,204048248
eager,14754556884,preseq,n2,21823,7811072,93878,204055879
eager,14754556884,qualimap,asok01,63305,1596760064,870831,868527506
eager,14754556884,qualimap,asok02,64447,1559977984,866999,868531193
eager,14754556884,qualimap,c2,35282,1222868992,866438,868513288
eager,14754556884,qualimap,n1,42400,1408770048,866053,868504673
eager,14754556884,qualimap,n2,31979,1179734016,866269,868513816
eager,14754556884,samtools_filter,asok01,21751,10522624,204589899,733347716
eager,14754556884,samtools_filter,asok02,18421,11460608,204598761,733364448
eager,14754556884,samtools_filter,c2,10960,10534912,204596131,733370584
eager,14754556884,samtools_filter,n1,12875,10326016,204590164,733370212
eager,14754556884,samtools_filter,n2,9906,10858496,204598098,733378436
eager,14754556884,samtools_flagstat,asok01,16920,6602752,582,733347716
eager,14754556884,samtools_flagstat,asok02,16898,6737920,590,733364448
eager,14754556884,samtools_flagstat,c2,9206,6746112,571,733370584
eager,14754556884,samtools_flagstat,n1,15515,6299648,574,733370212
eager,14754556884,samtools_flagstat,n2,11799,6565888,573,733378436
eager,14754556884,samtools_flagstat_after_filter,asok01,4629,6483968,581,204589703
eager,14754556884,samtools_flagstat_after_filter,asok02,4562,6766592,580,204598566
eager,14754556884,samtools_flagstat_after_filter,c2,2382,6709248,571,204595945
eager,14754556884,samtools_flagstat_after_filter,n1,3638,6287360,573,204589976
eager,14754556884,samtools_flagstat_after_filter,n2,2772,6402048,572,204597911
eager,19075314980,adapter_removal,asok01,1487290,196902912,6376818263,19075315125
eager,19075314980,adapter_removal,asok02,1242732,192679936,6376815063,19075315125
eager,19075314980,adapter_removal,c2,665583,196931584,6376816162,19075315125
eager,19075314980,adapter_removal,n1,1023123,130191360,6376816366,19075315125
eager,19075314980,adapter_removal,n2,753066,130203648,6376815684,19075315125
eager,19075314980,bcftools_stats,asok01,20088,10436608,28341,678428015
eager,19075314980,bcftools_stats,asok02,18119,10584064,28240,678428015
eager,19075314980,bcftools_stats,c2,9288,10940416,28289,678428015
eager,19075314980,bcftools_stats,n1,15299,10301440,28362,678428015
eager,19075314980,bcftools_stats,n2,11154,10493952,28231,678428015
eager,19075314980,bwa,asok01,5526589,7908585472,7558523530,4041257622
eager,19075314980,bwa,asok02,5525156,7909220352,7558358084,4041257622
eager,19075314980,bwa,c2,2829641,7909203968,7558402146,4041257622
eager,19075314980,bwa,n1,3919803,7908859904,7558360779,4041257622
eager,19075314980,bwa,n2,3139624,7908384768,7558374565,4041257622
eager,19075314980,damageprofiler,asok01,131503,2019680256,3935685,885808783
eager,19075314980,damageprofiler,asok02,130111,2011258880,3935691,885814499
eager,19075314980,damageprofiler,c2,72479,2043641856,3935678,885777241
eager,19075314980,damageprofiler,n1,98953,2015633408,3935651,885776984
eager,19075314980,damageprofiler,n2,73792,2034741248,3935674,885777543
eager,19075314980,fastqc,asok01,423689,383787008,2268205,19075314980
eager,19075314980,fastqc,asok02,428594,383672320,2268200,19075314980
eager,19075314980,fastqc,c2,253562,416296960,2268191,19075314980
eager,19075314980,fastqc,n1,304714,411041792,2268207,19075314980
eager,19075314980,fastqc,n2,221676,377524224,2268204,19075314980
eager,19075314980,fastqc_after_clipping,asok01,176083,362262528,1048567,4041253526
eager,19075314980,fastqc_after_clipping,asok02,174504,371175424,1048902,4041253526
eager,19075314980,fastqc_after_clipping,c2,92297,378122240,1049091,4041253526
eager,19075314980,fastqc_after_clipping,n1,135350,355020800,1049132,4041253526
eager,19075314980,fastqc_after_clipping,n2,102366,372928512,1048881,4041253526
eager,19075314980,genotyping_hc,asok01,6643508,5571870720,1260192345,885857637
eager,19075314980,genotyping_hc,asok02,6628652,5585924096,1260193770,885863353
eager,19075314980,genotyping_hc,c2,2839781,5587664896,1262168964,885824052
eager,19075314980,genotyping_hc,n1,4530912,4776337408,1262151895,885823795
eager,19075314980,genotyping_hc,n2,3138085,5441540096,1262159109,885824354
eager,19075314980,markduplicates,asok01,141972,2566262784,208087105,219141667
eager,19075314980,markduplicates,asok02,142272,2563846144,208092819,219142622
eager,19075314980,markduplicates,c2,72081,2568314880,208055496,219145201
eager,19075314980,markduplicates,n1,113010,3070353408,208055243,219140592
eager,19075314980,markduplicates,n2,82826,3062448128,208055801,219143564
eager,19075314980,preseq,asok01,36477,8007680,101879,218610699
eager,19075314980,preseq,asok02,36892,7901184,101866,218610982
eager,19075314980,preseq,c2,19789,7852032,101860,218614353
eager,19075314980,preseq,n1,38342,7671808,101853,218609464
eager,19075314980,preseq,n2,24849,8003584,101848,218612476
eager,19075314980,qualimap,asok01,77284,1598365696,900420,885808783
eager,19075314980,qualimap,asok02,79840,1535918080,899765,885814499
eager,19075314980,qualimap,c2,32937,1545240576,899903,885777241
eager,19075314980,qualimap,n1,45554,1480876032,899958,885776984
eager,19075314980,qualimap,n2,33649,1465462784,899684,885777543
eager,19075314980,samtools_filter,asok01,22147,10678272,219141863,812556427
eager,19075314980,samtools_filter,asok02,21349,11558912,219142817,812563469
eager,19075314980,samtools_filter,c2,10923,10199040,219145387,812549323
eager,19075314980,samtools_filter,n1,17634,10559488,219140780,812564099
eager,19075314980,samtools_filter,n2,10639,10346496,219143751,812556765
eager,19075314980,samtools_flagstat,asok01,18532,6492160,582,812556427
eager,19075314980,samtools_flagstat,asok02,18547,6651904,581,812563469
eager,19075314980,samtools_flagstat,c2,10063,6852608,571,812549323
eager,19075314980,samtools_flagstat,n1,15758,6254592,589,812564099
eager,19075314980,samtools_flagstat,n2,12723,6541312,585,812556765
eager,19075314980,samtools_flagstat_after_filter,asok01,4926,4931584,581,219141667
eager,19075314980,samtools_flagstat_after_filter,asok02,4908,6602752,580,219142622
eager,19075314980,samtools_flagstat_after_filter,c2,2413,6701056,571,219145201
eager,19075314980,samtools_flagstat_after_filter,n1,4002,4698112,573,219140592
eager,19075314980,samtools_flagstat_after_filter,n2,2916,6520832,572,219143564
eager,19100037384,adapter_removal,asok01,1500139,195448832,6379729786,19100037529
eager,19100037384,adapter_removal,asok02,1269727,193466368,6379727543,19100037529
eager,19100037384,adapter_removal,c2,659496,193011712,6379727685,19100037529
eager,19100037384,adapter_removal,n1,1003977,122908672,6379730238,19100037529
eager,19100037384,adapter_removal,n2,747461,128823296,6379728887,19100037529
eager,19100037384,bcftools_stats,asok01,18547,10485760,28351,678428015
eager,19100037384,bcftools_stats,asok02,18098,10452992,28349,678428015
eager,19100037384,bcftools_stats,c2,9492,10776576,28314,678428015
eager,19100037384,bcftools_stats,n1,13312,10428416,28319,678428015
eager,19100037384,bcftools_stats,n2,11093,10334208,28317,678428015
eager,19100037384,bwa,asok01,5546891,7315509248,7565531707,4047492741
eager,19100037384,bwa,asok02,5527647,7910109184,7565404464,4047492741
eager,19100037384,bwa,c2,2830248,7909797888,7565549868,4047492741
eager,19100037384,bwa,n1,3949046,7908716544,7565463114,4047492741
eager,19100037384,bwa,n2,3105422,7909666816,7565514847,4047492741
eager,19100037384,damageprofiler,asok01,140598,2016108544,3941507,885778711
eager,19100037384,damageprofiler,asok02,131235,2022354944,3941425,885773065
eager,19100037384,damageprofiler,c2,71123,2020175872,3941510,885766994
eager,19100037384,damageprofiler,n1,102570,2029694976,3941379,885765257
eager,19100037384,damageprofiler,n2,74581,2028511232,3941486,885773904
eager,19100037384,fastqc,asok01,436302,388952064,2264567,19100037384
eager,19100037384,fastqc,asok02,428705,392900608,2264548,19100037384
eager,19100037384,fastqc,c2,253457,411348992,2264539,19100037384
eager,19100037384,fastqc,n1,351550,399769600,2264552,19100037384
eager,19100037384,fastqc,n2,256395,389877760,2264552,19100037384
eager,19100037384,fastqc_after_clipping,asok01,176080,358776832,1048861,4047488645
eager,19100037384,fastqc_after_clipping,asok02,174492,369000448,1048567,4047488645
eager,19100037384,fastqc_after_clipping,c2,96287,350584832,1048437,4047488645
eager,19100037384,fastqc_after_clipping,n1,136371,354344960,1049589,4047488645
eager,19100037384,fastqc_after_clipping,n2,104297,357117952,1048596,4047488645
eager,19100037384,genotyping_hc,asok01,6603045,5574238208,1260781649,885827565
eager,19100037384,genotyping_hc,asok02,6524407,5593608192,1260710247,885821919
eager,19100037384,genotyping_hc,c2,2870761,3028332544,1262736010,885813805
eager,19100037384,genotyping_hc,n1,4566314,5395873792,1262735315,885812068
eager,19100037384,genotyping_hc,n2,3203084,5425025024,1262782349,885820715
eager,19100037384,markduplicates,asok01,142449,2565087232,208057031,219121684
eager,19100037384,markduplicates,asok02,148329,2561961984,208051384,219105356
eager,19100037384,markduplicates,c2,73947,2574610432,208045247,219116926
eager,19100037384,markduplicates,n1,113106,2981433344,208043514,219114694
eager,19100037384,markduplicates,n2,89545,3059089408,208052160,219116046
eager,19100037384,preseq,asok01,36450,8081408,102062,218598028
eager,19100037384,preseq,asok02,36212,7950336,102040,218581444
eager,19100037384,preseq,c2,21801,7905280,102044,218593374
eager,19100037384,preseq,n1,38190,7651328,102044,218591310
eager,19100037384,preseq,n2,24609,7917568,102067,218591878
eager,19100037384,qualimap,asok01,68699,1592172544,897191,885778711
eager,19100037384,qualimap,asok02,78683,1578684416,896360,885773065
eager,19100037384,qualimap,c2,36209,1516494848,896383,885766994
eager,19100037384,qualimap,n1,40675,1270337536,896244,885765257
eager,19100037384,qualimap,n2,36069,1219014656,896994,885773904
eager,19100037384,samtools_filter,asok01,20489,10256384,219121880,811386551
eager,19100037384,samtools_filter,asok02,23689,11415552,219105551,811393626
eager,19100037384,samtools_filter,c2,11760,10473472,219117112,811391700
eager,19100037384,samtools_filter,n1,13755,10117120,219114882,811373460
eager,19100037384,samtools_filter,n2,13767,10293248,219116233,811386709
eager,19100037384,samtools_flagstat,asok01,18553,6631424,591,811386551
eager,19100037384,samtools_flagstat,asok02,18604,6787072,581,811393626
eager,19100037384,samtools_flagstat,c2,10068,6725632,571,811391700
eager,19100037384,samtools_flagstat,n1,15285,6103040,574,811373460
eager,19100037384,samtools_flagstat,n2,11733,6524928,573,811386709
eager,19100037384,samtools_flagstat_after_filter,asok01,4996,6512640,581,219121684
eager,19100037384,samtools_flagstat_after_filter,asok02,5021,6602752,580,219105356
eager,19100037384,samtools_flagstat_after_filter,c2,2581,4739072,571,219116926
eager,19100037384,samtools_flagstat_after_filter,n1,3977,6193152,573,219114694
eager,19100037384,samtools_flagstat_after_filter,n2,2906,6524928,572,219116046
eager,19132169434,adapter_removal,asok01,1509824,191586304,6388203165,19132169579
eager,19132169434,adapter_removal,asok02,1253146,196993024,6388206627,19132169579
eager,19132169434,adapter_removal,c2,666477,194220032,6388206048,19132169579
eager,19132169434,adapter_removal,n1,1015839,132730880,6388203401,19132169579
eager,19132169434,adapter_removal,n2,763978,123027456,6388202665,19132169579
eager,19132169434,bcftools_stats,asok01,18374,10211328,28623,678428015
eager,19132169434,bcftools_stats,asok02,18221,10768384,28623,678428015
eager,19132169434,bcftools_stats,c2,9142,10616832,28674,678428015
eager,19132169434,bcftools_stats,n1,15017,10231808,28574,678428015
eager,19132169434,bcftools_stats,n2,9940,10625024,28576,678428015
eager,19132169434,bwa,asok01,5548831,7373320192,7574673278,4051837509
eager,19132169434,bwa,asok02,5557892,7910563840,7574603869,4051837509
eager,19132169434,bwa,c2,2862808,6909566976,7574520060,4051837509
eager,19132169434,bwa,n1,3962147,7909724160,7574593379,4051837509
eager,19132169434,bwa,n2,3152217,6909194240,7574488466,4051837509
eager,19132169434,damageprofiler,asok01,128537,2010828800,3949241,886112720
eager,19132169434,damageprofiler,asok02,140086,2045595648,3949225,886110834
eager,19132169434,damageprofiler,c2,71203,2038087680,3949249,886102324
eager,19132169434,damageprofiler,n1,100034,2005700608,3949223,886103591
eager,19132169434,damageprofiler,n2,78486,2015318016,3949177,886100488
eager,19132169434,fastqc,asok01,414290,366157824,2268662,19132169434
eager,19132169434,fastqc,asok02,431471,396439552,2268643,19132169434
eager,19132169434,fastqc,c2,255462,425832448,2268631,19132169434
eager,19132169434,fastqc,n1,357488,400678912,2268632,19132169434
eager,19132169434,fastqc,n2,262343,407162880,2268647,19132169434
eager,19132169434,fastqc_after_clipping,asok01,183419,356077568,1046547,4051833413
eager,19132169434,fastqc_after_clipping,asok02,183616,354369536,1046931,4051833413
eager,19132169434,fastqc_after_clipping,c2,95337,355557376,1046080,4051833413
eager,19132169434,fastqc_after_clipping,n1,136329,355397632,1046753,4051833413
eager,19132169434,fastqc_after_clipping,n2,104294,359800832,1046785,4051833413
eager,19132169434,genotyping_hc,asok01,6500992,5581651968,1263220404,886161574
eager,19132169434,genotyping_hc,asok02,6565041,5596430336,1263247141,886159688
eager,19132169434,genotyping_hc,c2,2845669,5614043136,1265209902,886149135
eager,19132169434,genotyping_hc,n1,4454183,5404827648,1265230175,886150402
eager,19132169434,genotyping_hc,n2,3151150,5449142272,1265210136,886147299
eager,19132169434,markduplicates,asok01,136721,2572263424,208391041,219466342
eager,19132169434,markduplicates,asok02,141963,2558099456,208389155,219469301
eager,19132169434,markduplicates,c2,71926,2571730944,208380578,219465727
eager,19132169434,markduplicates,n1,110775,2966409216,208381865,219459725
eager,19132169434,markduplicates,n2,79207,3070042112,208378759,219465330
eager,19132169434,preseq,asok01,36770,7962624,102282,218937990
eager,19132169434,preseq,asok02,36763,8003584,102274,218941117
eager,19132169434,preseq,c2,21811,8093696,102294,218937215
eager,19132169434,preseq,n1,36932,7528448,102301,218931021
eager,19132169434,preseq,n2,21703,7806976,102311,218936986
eager,19132169434,qualimap,asok01,76643,1580318720,921044,886112720
eager,19132169434,qualimap,asok02,67567,1558118400,921364,886110834
eager,19132169434,qualimap,c2,33225,1182846976,921069,886102324
eager,19132169434,qualimap,n1,46282,1323888640,921607,886103591
eager,19132169434,qualimap,n2,34930,1191911424,921440,886100488
eager,19132169434,samtools_filter,asok01,25244,10252288,219466553,812734305
eager,19132169434,samtools_filter,asok02,19686,11276288,219469496,812712309
eager,19132169434,samtools_filter,c2,9398,10412032,219465913,812712693
eager,19132169434,samtools_filter,n1,13608,10153984,219459913,812731622
eager,19132169434,samtools_filter,n2,10809,10407936,219465517,812717902
eager,19132169434,samtools_flagstat,asok01,18628,6516736,582,812734305
eager,19132169434,samtools_flagstat,asok02,18564,6766592,590,812712309
eager,19132169434,samtools_flagstat,c2,10109,4882432,571,812712693
eager,19132169434,samtools_flagstat,n1,16428,6176768,574,812731622
eager,19132169434,samtools_flagstat,n2,11526,6619136,573,812717902
eager,19132169434,samtools_flagstat_after_filter,asok01,5151,4866048,581,219466342
eager,19132169434,samtools_flagstat_after_filter,asok02,4993,6782976,580,219469301
eager,19132169434,samtools_flagstat_after_filter,c2,2753,6627328,571,219465727
eager,19132169434,samtools_flagstat_after_filter,n1,4125,6295552,573,219459725
eager,19132169434,samtools_flagstat_after_filter,n2,3000,6443008,572,219465330
eager,25705994498,adapter_removal,asok01,2437908,197251072,10005512963,25705994643
eager,25705994498,adapter_removal,asok02,2450757,195330048,10005509501,25705994643
eager,25705994498,adapter_removal,c2,1096640,203132928,10005512825,25705994643
eager,25705994498,adapter_removal,local,1321250,137506816,10005510817,25705994643
eager,25705994498,adapter_removal,n1,1601835,203689984,10005515383,25705994643
eager,25705994498,adapter_removal,n2,1252899,148094976,10005509980,25705994643
eager,25705994498,bcftools_stats,asok01,29183,10756096,32401,678428015
eager,25705994498,bcftools_stats,asok02,29267,10670080,32318,678428015
eager,25705994498,bcftools_stats,c2,13109,10776576,32351,678428015
eager,25705994498,bcftools_stats,local,16950,10694656,32425,678428015
eager,25705994498,bcftools_stats,n1,20287,10665984,32359,678428015
eager,25705994498,bcftools_stats,n2,14775,10620928,32436,678428015
eager,25705994498,bwa,asok01,7881404,7921205248,11492043592,6435675208
eager,25705994498,bwa,asok02,7872561,7921577984,11492156655,6435675208
eager,25705994498,bwa,c2,3963622,7867465728,11492183048,6435675208
eager,25705994498,bwa,local,4421482,7850807296,11492089144,6435675208
eager,25705994498,bwa,n1,5381396,7864946688,11492139978,6435675208
eager,25705994498,bwa,n2,4424475,7866556416,11492126369,6435675208
eager,25705994498,damageprofiler,asok01,207721,2246225920,5609271,983511708
eager,25705994498,damageprofiler,asok02,207516,2263937024,5609337,983513636
eager,25705994498,damageprofiler,c2,102016,2245992448,5609330,983480878
eager,25705994498,damageprofiler,local,126672,2194325504,5609364,983469374
eager,25705994498,damageprofiler,n1,148771,2221727744,5609398,983480479
eager,25705994498,damageprofiler,n2,108842,2209054720,5609304,983468034
eager,25705994498,fastqc,asok01,806649,342396928,2085458,25705994498
eager,25705994498,fastqc,asok02,655859,369008640,2085457,25705994498
eager,25705994498,fastqc,c2,312271,338948096,2085437,25705994498
eager,25705994498,fastqc,local,393998,393506816,2085454,25705994498
eager,25705994498,fastqc,n1,427629,379543552,2085441,25705994498
eager,25705994498,fastqc,n2,298729,389660672,2085441,25705994498
eager,25705994498,fastqc_after_clipping,asok01,276498,385101824,982934,6435671112
eager,25705994498,fastqc_after_clipping,asok02,275467,384401408,982813,6435671112
eager,25705994498,fastqc_after_clipping,c2,133257,367374336,982984,6435671112
eager,25705994498,fastqc_after_clipping,local,153281,371826688,983301,6435671112
eager,25705994498,fastqc_after_clipping,n1,194142,370638848,982897,6435671112
eager,25705994498,fastqc_after_clipping,n2,152360,374865920,983088,6435671112
eager,25705994498,genotyping_hc,asok01,10657795,5578244096,2064700456,983557384
eager,25705994498,genotyping_hc,asok02,10522335,5565636608,2064743484,983559312
eager,25705994498,genotyping_hc,c2,4401957,5580816384,2066670988,983527689
eager,25705994498,genotyping_hc,local,5594417,5397921792,2066648232,983516412
eager,25705994498,genotyping_hc,n1,6943115,5594222592,2066754004,983527290
eager,25705994498,genotyping_hc,n2,4848044,5452623872,2066644469,983514845
eager,25705994498,markduplicates,asok01,215662,2589519872,305790750,339675389
eager,25705994498,markduplicates,asok02,219739,2595807232,305792678,339678605
eager,25705994498,markduplicates,c2,106975,2594615296,305759924,339672113
eager,25705994498,markduplicates,local,136176,3359555584,305748452,339677661
eager,25705994498,markduplicates,n1,143311,3341049856,305759530,339677181
eager,25705994498,markduplicates,n2,118837,3339026432,305747086,339672853
eager,25705994498,preseq,asok01,59207,8028160,169913,339123221
eager,25705994498,preseq,asok02,58981,8073216,169919,339126845
eager,25705994498,preseq,c2,34263,7905280,169962,339120601
eager,25705994498,preseq,local,43820,7708672,169879,339126029
eager,25705994498,preseq,n1,62079,7680000,169921,339125013
eager,25705994498,preseq,n2,39163,7774208,169884,339121133
eager,25705994498,qualimap,asok01,83645,1597399040,859724,983511708
eager,25705994498,qualimap,asok02,86996,1587306496,859479,983513636
eager,25705994498,qualimap,c2,46492,1622396928,859844,983480878
eager,25705994498,qualimap,local,48137,1623695360,893111,983469374
eager,25705994498,qualimap,n1,56140,1592213504,856640,983480479
eager,25705994498,qualimap,n2,46033,1617485824,893827,983468034
eager,25705994498,samtools_filter,asok01,40953,10432512,339675583,1260619401
eager,25705994498,samtools_filter,asok02,42633,10457088,339678799,1260612983
eager,25705994498,samtools_filter,c2,15774,10010624,339672295,1260614104
eager,25705994498,samtools_filter,local,23243,10063872,339677854,1260618173
eager,25705994498,samtools_filter,n1,22248,10141696,339677368,1260618761
eager,25705994498,samtools_filter,n2,16221,10301440,339673041,1260616833
eager,25705994498,samtools_flagstat,asok01,28438,6606848,581,1260619401
eager,25705994498,samtools_flagstat,asok02,28403,6537216,581,1260612983
eager,25705994498,samtools_flagstat,c2,14002,4694016,569,1260614104
eager,25705994498,samtools_flagstat,local,14139,4653056,580,1260618173
eager,25705994498,samtools_flagstat,n1,22558,6393856,574,1260618761
eager,25705994498,samtools_flagstat,n2,16182,6557696,575,1260616833
eager,25705994498,samtools_flagstat_after_filter,asok01,7801,6643712,579,339675389
eager,25705994498,samtools_flagstat_after_filter,asok02,7980,6647808,579,339678605
eager,25705994498,samtools_flagstat_after_filter,c2,3887,6529024,567,339672113
eager,25705994498,samtools_flagstat_after_filter,local,4184,4640768,578,339677661
eager,25705994498,samtools_flagstat_after_filter,n1,5734,6262784,572,339677181
eager,25705994498,samtools_flagstat_after_filter,n2,4336,6508544,573,339672853
methylseq,6273818718,bismark_align,asok01,802691,82546688,31761170562,6134920959
methylseq,6273818718,bismark_align,asok02,814679,84353024,31761170561,6134920959
methylseq,6273818718,bismark_align,c2,643820,82378752,31761170480,6134920959
methylseq,6273818718,bismark_align,n1,931254,81674240,31761170497,6134920959
methylseq,6273818718,bismark_align,n2,598886,82694144,31761170492,6134920959
methylseq,6273818718,bismark_deduplicate,asok01,313,11497472,11774428,797504
methylseq,6273818718,bismark_deduplicate,asok02,284,11612160,11799003,797504
methylseq,6273818718,bismark_deduplicate,c2,420,3149824,11766237,797504
methylseq,6273818718,bismark_deduplicate,n1,286,11214848,11798996,797504
methylseq,6273818718,bismark_deduplicate,n2,539,3420160,11782626,797504
methylseq,6273818718,bismark_methxtract,asok01,15595,37879808,20790243,798058
methylseq,6273818718,bismark_methxtract,asok02,15610,37949440,20724706,798058
methylseq,6273818718,bismark_methxtract,c2,14842,35295232,20732862,798058
methylseq,6273818718,bismark_methxtract,n1,16508,41066496,20745152,798058
methylseq,6273818718,bismark_methxtract,n2,15145,30453760,20790208,798058
methylseq,6273818718,bismark_report,asok01,1769,25137152,3163099,16890
methylseq,6273818718,bismark_report,asok02,1766,84910080,3163098,16890
methylseq,6273818718,bismark_report,c2,1607,12242944,3163089,16881
methylseq,6273818718,bismark_report,n1,1468,43790336,3163091,16881
methylseq,6273818718,bismark_report,n2,1507,12283904,3163091,16880
methylseq,6273818718,fastqc,asok01,150723,584110080,4163516,6273818718
methylseq,6273818718,fastqc,asok02,147523,543297536,4163512,6273818718
methylseq,6273818718,fastqc,c2,98432,561819648,4163502,6273818718
methylseq,6273818718,fastqc,n1,103790,547774464,4163514,6273818718
methylseq,6273818718,fastqc,n2,82426,552435712,4163504,6273818718
methylseq,6273818718,qualimap,asok01,5070,175267840,1653855,793962
methylseq,6273818718,qualimap,asok02,4552,146575360,1653854,793962
methylseq,6273818718,qualimap,c2,4704,127397888,1653845,793962
methylseq,6273818718,qualimap,n1,4037,155430912,1653847,793962
methylseq,6273818718,qualimap,n2,6133,125108224,1653847,793962
methylseq,6273818718,trim_galore,asok01,1121351,252170240,27490546585,6273820509
methylseq,6273818718,trim_galore,asok02,1120486,265793536,27490530198,6273820509
methylseq,6273818718,trim_galore,c2,875065,249733120,27490546573,6273820509
methylseq,6273818718,trim_galore,n1,1059745,253505536,27490530201,6273820509
methylseq,6273818718,trim_galore,n2,828915,257318912,27490530192,6273820509
methylseq,6761426956,bismark_align,asok01,879262,83480576,34239594369,6612837719
methylseq,6761426956,bismark_align,asok02,877255,85049344,34239594368,6612837719
methylseq,6761426956,bismark_align,c2,729609,82841600,34239594287,6612837719
methylseq,6761426956,bismark_align,n1,1042228,81752064,34239594301,6612837719
methylseq,6761426956,bismark_align,n2,575919,82370560,34239594301,6612837719
methylseq,6761426956,bismark_deduplicate,asok01,580,11206656,22244207,1525954
methylseq,6761426956,bismark_deduplicate,asok02,393,11313152,22252398,1525954
methylseq,6761426956,bismark_deduplicate,c2,317,11321344,22276964,1525954
methylseq,6761426956,bismark_deduplicate,n1,615,3371008,22289254,1525954
methylseq,6761426956,bismark_deduplicate,n2,316,11554816,22293351,1525954
methylseq,6761426956,bismark_methxtract,asok01,17861,41299968,38963021,1519914
methylseq,6761426956,bismark_methxtract,asok02,18145,36659200,38963020,1519914
methylseq,6761426956,bismark_methxtract,c2,15827,41771008,38979368,1519914
methylseq,6761426956,bismark_methxtract,n1,20160,40906752,38995754,1519914
methylseq,6761426956,bismark_methxtract,n2,16204,40947712,39020330,1519914
methylseq,6761426956,bismark_report,asok01,1832,50057216,3163222,17130
methylseq,6761426956,bismark_report,asok02,1839,45363200,3163221,17130
methylseq,6761426956,bismark_report,c2,1555,12513280,3163212,17121
methylseq,6761426956,bismark_report,n1,1575,12398592,3163214,17121
methylseq,6761426956,bismark_report,n2,1340,43843584,3163214,17120
methylseq,6761426956,fastqc,asok01,163665,555458560,4187155,6761426956
methylseq,6761426956,fastqc,asok02,165605,499388416,4187150,6761426956
methylseq,6761426956,fastqc,c2,101471,550744064,4187153,6761426956
methylseq,6761426956,fastqc,n1,108994,543678464,4187144,6761426956
methylseq,6761426956,fastqc,n2,92762,551624704,4187159,6761426956
methylseq,6761426956,qualimap,asok01,5433,147042304,2043620,1515818
methylseq,6761426956,qualimap,asok02,5418,152219648,2043619,1515818
methylseq,6761426956,qualimap,c2,4617,153600000,2043610,1515818
methylseq,6761426956,qualimap,n1,7939,136302592,2043613,1515818
methylseq,6761426956,qualimap,n2,3102,127406080,2043612,1515818
methylseq,6761426956,trim_galore,asok01,1204328,253874176,29629441493,6761428747
methylseq,6761426956,trim_galore,asok02,1207092,286228480,29629441486,6761428747
methylseq,6761426956,trim_galore,c2,951346,306933760,29629441490,6761428747
methylseq,6761426956,trim_galore,n1,1153514,245342208,29629449682,6761428747
methylseq,6761426956,trim_galore,n2,886936,251535360,29629441493,6761428747
methylseq,8885797810,bismark_align,asok01,1133077,82792448,45050896836,8702263285
methylseq,8885797810,bismark_align,asok02,1128062,84963328,45050896832,8702263285
methylseq,8885797810,bismark_align,c2,986921,82644992,45050896751,8702263285
methylseq,8885797810,bismark_align,n1,1309890,82415616,45050896756,8702263285
methylseq,8885797810,bismark_align,n2,766902,82661376,45050896756,8702263285
methylseq,8885797810,bismark_deduplicate,asok01,689,3084288,16307212,1118621
methylseq,8885797810,bismark_deduplicate,asok02,459,3256320,16299010,1118621
methylseq,8885797810,bismark_deduplicate,c2,180,11116544,16299002,1118621
methylseq,8885797810,bismark_deduplicate,n1,350,11161600,16331772,1118621
methylseq,8885797810,bismark_deduplicate,n2,152,11214848,16327676,1118621
methylseq,8885797810,bismark_methxtract,asok01,16600,41324544,28896386,1116462
methylseq,8885797810,bismark_methxtract,asok02,16972,41676800,28863617,1116462
methylseq,8885797810,bismark_methxtract,c2,15034,35692544,28859485,1116462
methylseq,8885797810,bismark_methxtract,n1,18111,41152512,28855391,1116462
methylseq,8885797810,bismark_methxtract,n2,15911,35733504,28851295,1116462
methylseq,8885797810,bismark_report,asok01,1781,44318720,3163016,17004
methylseq,8885797810,bismark_report,asok02,1842,44908544,3163015,17004
methylseq,8885797810,bismark_report,c2,1325,52875264,3163006,16995
methylseq,8885797810,bismark_report,n1,1466,43782144,3163008,16995
methylseq,8885797810,bismark_report,n2,1375,100122624,3163008,16995
methylseq,8885797810,fastqc,asok01,207529,566796288,4161268,8885797810
methylseq,8885797810,fastqc,asok02,208620,562159616,4161263,8885797810
methylseq,8885797810,fastqc,c2,133489,550752256,4161252,8885797810
methylseq,8885797810,fastqc,n1,145591,549769216,4161255,8885797810
methylseq,8885797810,fastqc,n2,118373,558538752,4161267,8885797810
methylseq,8885797810,qualimap,asok01,4694,137232384,1815502,1112366
methylseq,8885797810,qualimap,asok02,4351,150212608,1815501,1112366
methylseq,8885797810,qualimap,c2,2788,140345344,1815492,1112366
methylseq,8885797810,qualimap,n1,4055,146710528,1815494,1112366
methylseq,8885797810,qualimap,n2,3070,143167488,1815494,1112366
methylseq,8885797810,trim_galore,asok01,1570441,255184896,38859364589,8885799601
methylseq,8885797810,trim_galore,asok02,1584999,260087808,38859364587,8885799601
methylseq,8885797810,trim_galore,c2,1226171,253190144,38859364574,8885799601
methylseq,8885797810,trim_galore,n1,1507683,256389120,38859364577,8885799601
methylseq,8885797810,trim_galore,n2,1156575,255442944,38859389168,8885799601
methylseq,11897958606,bismark_align,asok01,1506806,83243008,60359366066,11659141927
methylseq,11897958606,bismark_align,asok02,1564021,84807680,60359366065,11659141927
methylseq,11897958606,bismark_align,c2,1143742,82788352,60359365996,11659141927
methylseq,11897958606,bismark_align,n1,1763347,82157568,60359366003,11659141927
methylseq,11897958606,bismark_align,n2,1000586,82440192,60359366003,11659141927
methylseq,11897958606,bismark_deduplicate,asok01,636,3207168,27175760,1871483
methylseq,11897958606,bismark_deduplicate,asok02,574,11390976,27159369,1871483
methylseq,11897958606,bismark_deduplicate,c2,438,11509760,27188022,1871483
methylseq,11897958606,bismark_deduplicate,n1,361,11239424,27192121,1871483
methylseq,11897958606,bismark_deduplicate,n2,423,11370496,27216696,1871483
methylseq,11897958606,bismark_methxtract,asok01,18442,41144320,48212100,1863951
methylseq,11897958606,bismark_methxtract,asok02,18555,41672704,48220291,1863951
methylseq,11897958606,bismark_methxtract,c2,16238,41578496,48199775,1863951
methylseq,11897958606,bismark_methxtract,n1,21050,40865792,48240738,1863951
methylseq,11897958606,bismark_methxtract,n2,17296,41082880,48212065,1863951
methylseq,11897958606,bismark_report,asok01,1729,12713984,3163100,17170
methylseq,11897958606,bismark_report,asok02,1830,49262592,3163099,17170
methylseq,11897958606,bismark_report,c2,1312,47222784,3163090,17161
methylseq,11897958606,bismark_report,n1,1464,50061312,3163092,17162
methylseq,11897958606,bismark_report,n2,1391,39620608,3163092,17162
methylseq,11897958606,fastqc,asok01,274672,563908608,4183259,11897958606
methylseq,11897958606,fastqc,asok02,275549,546459648,4183254,11897958606
methylseq,11897958606,fastqc,c2,171531,551235584,4183256,11897958606
methylseq,11897958606,fastqc,n1,185554,577314816,4183259,11897958606
methylseq,11897958606,fastqc,n2,163335,565657600,4183262,11897958606
methylseq,11897958606,qualimap,asok01,8747,158785536,2220587,1859855
methylseq,11897958606,qualimap,asok02,5743,153452544,2220586,1859855
methylseq,11897958606,qualimap,c2,2808,139522048,2220576,1859855
methylseq,11897958606,qualimap,n1,5003,163692544,2220578,1859855
methylseq,11897958606,qualimap,n2,3423,177147904,2220578,1859855
methylseq,11897958606,trim_galore,asok01,2092171,261058560,51999042913,11897960397
methylseq,11897958606,trim_galore,asok02,2098761,258404352,51999018332,11897960397
methylseq,11897958606,trim_galore,c2,1659622,254246912,51999042911,11897960397
methylseq,11897958606,trim_galore,n1,2015292,257118208,51999042913,11897960397
methylseq,11897958606,trim_galore,n2,1555788,251629568,51999042916,11897960397
methylseq,17027257018,bismark_align,asok01,2162654,83329024,86391019071,16683895753
methylseq,17027257018,bismark_align,asok02,2086447,83152896,86391019073,16683895753
methylseq,17027257018,bismark_align,c2,1227135,82898944,86391019110,16683895753
methylseq,17027257018,bismark_align,local,1905875,83046400,86391019125,16683895753
methylseq,17027257018,bismark_align,n1,2102638,82845696,86391019103,16683895753
methylseq,17027257018,bismark_align,n2,1227135,82898944,86391019110,16683895753
methylseq,17027257018,bismark_deduplicate,asok01,1275,16281600,95434273,6778844
methylseq,17027257018,bismark_deduplicate,asok02,1366,19828736,95471137,6778844
methylseq,17027257018,bismark_deduplicate,c2,845,3354624,95446570,6778844
methylseq,17027257018,bismark_deduplicate,local,964,9908224,95430181,6778844
methylseq,17027257018,bismark_deduplicate,n1,1375,23117824,95475237,6778844
methylseq,17027257018,bismark_deduplicate,n2,845,3354624,95446570,6778844
methylseq,17027257018,bismark_methxtract,asok01,33066,57966592,180770578,6720532
methylseq,17027257018,bismark_methxtract,asok02,33232,57819136,180770578,6720532
methylseq,17027257018,bismark_methxtract,c2,27593,41369600,180766494,6720532
methylseq,17027257018,bismark_methxtract,local,30127,41451520,180725544,6720532
methylseq,17027257018,bismark_methxtract,n1,41910,41435136,180844314,6720532
methylseq,17027257018,bismark_methxtract,n2,27593,41369600,180766494,6720532
methylseq,17027257018,bismark_report,asok01,1824,79589376,3163852,18379
methylseq,17027257018,bismark_report,asok02,1827,85950464,3163852,18380
methylseq,17027257018,bismark_report,c2,1391,43876352,3163849,18385
methylseq,17027257018,bismark_report,local,1323,32514048,3163856,18386
methylseq,17027257018,bismark_report,n1,1519,12304384,3163844,18384
methylseq,17027257018,bismark_report,n2,1391,43876352,3163849,18385
methylseq,17027257018,fastqc,asok01,395916,562024448,4228988,17027257018
methylseq,17027257018,fastqc,asok02,399873,568692736,4228999,17027257018
methylseq,17027257018,fastqc,c2,217369,548872192,4173981,17027257018
methylseq,17027257018,fastqc,local,200401,567058432,4228991,17027257018
methylseq,17027257018,fastqc,n1,248478,549597184,4173973,17027257018
methylseq,17027257018,fastqc,n2,217369,548872192,4173981,17027257018
methylseq,17027257018,qualimap,asok01,6974,194469888,4702536,6716436
methylseq,17027257018,qualimap,asok02,7262,213635072,4702536,6716436
methylseq,17027257018,qualimap,c2,7243,208846848,4647527,6716436
methylseq,17027257018,qualimap,local,5006,208265216,4702539,6716436
methylseq,17027257018,qualimap,n1,8348,234176512,4647522,6716436
methylseq,17027257018,qualimap,n2,7243,208846848,4647527,6716436
methylseq,17027257018,trim_galore,asok01,3010738,265957376,74269569283,17027258809
methylseq,17027257018,trim_galore,asok02,3005827,256659456,74269593860,17027258809
methylseq,17027257018,trim_galore,c2,2284606,260722688,74269514263,17027258809
methylseq,17027257018,trim_galore,local,2250032,251518976,74269593864,17027258809
methylseq,17027257018,trim_galore,n1,2991902,319037440,74269538834,17027258809
methylseq,17027257018,trim_galore,n2,2284606,260722688,74269514263,17027258809
methylseq,22500260922,bismark_align,asok01,2781973,83136512,114408043322,22099685639
methylseq,22500260922,bismark_align,asok02,2752993,83296256,114408043322,22099685639
methylseq,22500260922,bismark_align,c2,1855418,82407424,114408043360,22099685639
methylseq,22500260922,bismark_align,local,2628836,82808832,114408043374,22099685639
methylseq,22500260922,bismark_align,n1,2748397,81997824,114408043355,22099685639
methylseq,22500260922,bismark_align,n2,1855418,82407424,114408043360,22099685639
methylseq,22500260922,bismark_deduplicate,asok01,1067,11100160,76932673,5559577
methylseq,22500260922,bismark_deduplicate,asok02,1265,14462976,76949057,5559577
methylseq,22500260922,bismark_deduplicate,c2,769,3125248,76981832,5559577
methylseq,22500260922,bismark_deduplicate,local,1164,19054592,76961349,5559577
methylseq,22500260922,bismark_deduplicate,n1,1002,3186688,76977734,5559577
methylseq,22500260922,bismark_deduplicate,n2,769,3125248,76981832,5559577
methylseq,22500260922,bismark_methxtract,asok01,29692,40636416,149322214,5512096
methylseq,22500260922,bismark_methxtract,asok02,29754,41611264,149326310,5512096
methylseq,22500260922,bismark_methxtract,c2,24657,41779200,149363187,5512096
methylseq,22500260922,bismark_methxtract,local,27424,41381888,149326332,5512096
methylseq,22500260922,bismark_methxtract,n1,37007,41185280,149445102,5512096
methylseq,22500260922,bismark_methxtract,n2,24657,41779200,149363187,5512096
methylseq,22500260922,bismark_report,asok01,1758,78770176,3163537,18029
methylseq,22500260922,bismark_report,asok02,1810,12693504,3163537,18029
methylseq,22500260922,bismark_report,c2,1407,12619776,3163535,18034
methylseq,22500260922,bismark_report,local,1311,12541952,3163541,18035
methylseq,22500260922,bismark_report,n1,1622,45035520,3163530,18034
methylseq,22500260922,bismark_report,n2,1407,12619776,3163535,18034
methylseq,22500260922,fastqc,asok01,527332,581181440,4234313,22500260922
methylseq,22500260922,fastqc,asok02,526874,567128064,4234313,22500260922
methylseq,22500260922,fastqc,c2,303583,576438272,4179318,22500260922
methylseq,22500260922,fastqc,local,261373,551223296,4234316,22500260922
methylseq,22500260922,fastqc,n1,336567,554020864,4179300,22500260922
methylseq,22500260922,fastqc,n2,303583,576438272,4179318,22500260922
methylseq,22500260922,qualimap,asok01,6654,211193856,4032893,5508000
methylseq,22500260922,qualimap,asok02,6614,202518528,4032893,5508000
methylseq,22500260922,qualimap,c2,4822,214028288,3977884,5508000
methylseq,22500260922,qualimap,local,4506,219557888,4032896,5508000
methylseq,22500260922,qualimap,n1,8151,174063616,3977880,5508000
methylseq,22500260922,qualimap,n2,4822,214028288,3977884,5508000
methylseq,22500260922,trim_galore,asok01,3935054,260788224,98181106335,22500262713
methylseq,22500260922,trim_galore,asok02,3952612,261857280,98181106335,22500262713
methylseq,22500260922,trim_galore,c2,3030092,256253952,98181026740,22500262713
methylseq,22500260922,trim_galore,local,2932087,258478080,98181106336,22500262713
methylseq,22500260922,trim_galore,n1,3922086,262057984,98181026750,22500262713
methylseq,22500260922,trim_galore,n2,3030092,256253952,98181026740,22500262713
methylseq,110641579976,bismark_align,asok01,13542148,77688832,559751444095,108146254493
methylseq,110641579976,bismark_align,asok02,13779034,80125952,559751444094,108146254493
methylseq,110641579976,bismark_align,c2,7385288,79405056,559751443994,108146254493
methylseq,110641579976,bismark_align,n1,14160152,79134720,559751443998,108146254493
methylseq,110641579976,bismark_align,n2,8470013,79200256,559751444000,108146254493
methylseq,110641579976,bismark_deduplicate,asok01,512,3133440,10189,750
methylseq,110641579976,bismark_deduplicate,asok02,162,3338240,10191,750
methylseq,110641579976,bismark_deduplicate,c2,225,3239936,10166,750
methylseq,110641579976,bismark_deduplicate,n1,273,3104768,10180,750
methylseq,110641579976,bismark_deduplicate,n2,177,3502080,10180,750
methylseq,110641579976,bismark_methxtract,asok01,13952,24813568,48466,4893
methylseq,110641579976,bismark_methxtract,asok02,13536,28237824,48459,4893
methylseq,110641579976,bismark_methxtract,c2,13273,24453120,48432,4893
methylseq,110641579976,bismark_methxtract,n1,13603,24600576,48434,4893
methylseq,110641579976,bismark_methxtract,n2,13342,24444928,48434,4893
methylseq,110641579976,bismark_report,asok01,1840,12570624,3158858,11515
methylseq,110641579976,bismark_report,asok02,1810,53760000,3158857,11515
methylseq,110641579976,bismark_report,c2,1293,34275328,3158848,11504
methylseq,110641579976,bismark_report,n1,1542,22020096,3158850,11505
methylseq,110641579976,bismark_report,n2,1352,28246016,3158850,11506
methylseq,110641579976,fastqc,asok01,2422379,462983168,4237343,110641579976
methylseq,110641579976,fastqc,asok02,2456237,579325952,4237351,110641579976
methylseq,110641579976,fastqc,c2,1633882,595812352,4237330,110641579976
methylseq,110641579976,fastqc,n1,1659758,574914560,4237344,110641579976
methylseq,110641579976,fastqc,n2,1315640,555151360,4237332,110641579976
methylseq,110641579976,qualimap,asok01,5793,120188928,938587,797
methylseq,110641579976,qualimap,asok02,6350,120303616,938585,797
methylseq,110641579976,qualimap,c2,3153,96788480,938574,797
methylseq,110641579976,qualimap,n1,4174,106741760,938576,797
methylseq,110641579976,qualimap,n2,2969,106037248,938576,797
methylseq,110641579976,trim_galore,asok01,18540595,261603328,477132757531,110641581767
methylseq,110641579976,trim_galore,asok02,18517728,272166912,477132757524,110641581767
methylseq,110641579976,trim_galore,c2,12401584,263147520,477132757518,110641581767
methylseq,110641579976,trim_galore,n1,17681956,266649600,477132724761,110641581767
methylseq,110641579976,trim_galore,n2,13572433,263094272,477132724761,110641581767
debug,10,a1,c2,1,10,1500,1500
debug,10,a2,c2,2,20,1500,1500
debug,10,b,c2,4,90,2500,1000
debug,10,b,c2,4,90,2500,1000
debug,10,c,c2,4,50,1500,4500
debug,10,d1,c2,15,40,2500,1000
debug,10,d2,c2,0.5,10,1000,1000
debug,10,e,c2,4,40,2500,5000
debug,10,f,c2,4,40,2500,1000
debug,10,g,c2,20,20,2500,1000
debug,10,h,c2,1,100,2500,10000
debug,10,a0,c2,0.1,1,100,100
